pref,region_code,region_name,domain,domain_score,n_indicators,indicators
三重県,2401,北勢,CKD,47.0389291166627,2,"eGFR, 尿蛋白"
三重県,2401,北勢,心血管,49.877870567023976,4,"LDL, 中性脂肪, 収縮期血圧, 心電図"
三重県,2401,北勢,糖尿病,45.93769661427784,2,"HbA1c, 空腹時血糖"
三重県,2402,中勢伊賀,CKD,47.147741899304236,2,"eGFR, 尿蛋白"
三重県,2402,中勢伊賀,心血管,47.65714375209538,4,"LDL, 中性脂肪, 収縮期血圧, 心電図"
三重県,2402,中勢伊賀,糖尿病,44.050565549043675,2,"HbA1c, 空腹時血糖"
三重県,2403,南勢志摩,CKD,48.93510954642417,2,"eGFR, 尿蛋白"
三重県,2403,南勢志摩,心血管,50.219579997301366,4,"LDL, 中性脂肪, 収縮期血圧, 心電図"
三重県,2403,南勢志摩,糖尿病,53.99057529373668,2,"HbA1c, 空腹時血糖"
三重県,2404,東紀州,CKD,54.812533674311936,2,"eGFR, 尿蛋白"
三重県,2404,東紀州,心血管,61.70998526095238,4,"LDL, 中性脂肪, 収縮期血圧, 心電図"
三重県,2404,東紀州,糖尿病,65.71337216231603,2,"HbA1c, 空腹時血糖"
京都府,2601,丹後,CKD,38.94151988083722,2,"eGFR, 尿蛋白"
京都府,2601,丹後,心血管,48.07398548359302,4,"LDL, 中性脂肪, 収縮期血圧, 心電図"
京都府,2601,丹後,糖尿病,38.696417168949154,2,"HbA1c, 空腹時血糖"
京都府,2602,中丹,CKD,51.353944111893526,2,"eGFR, 尿蛋白"
京都府,2602,中丹,心血管,47.95854629056163,4,"LDL, 中性脂肪, 収縮期血圧, 心電図"
京都府,2602,中丹,糖尿病,37.78458713536296,2,"HbA1c, 空腹時血糖"
京都府,2603,南丹,CKD,51.144110561533026,2,"eGFR, 尿蛋白"
京都府,2603,南丹,心血管,43.78050917623417,4,"LDL, 中性脂肪, 収縮期血圧, 心電図"
京都府,2603,南丹,糖尿病,39.26434628048404,2,"HbA1c, 空腹時血糖"
京都府,2604,京都・乙訓,CKD,50.843333037062045,2,"eGFR, 尿蛋白"
京都府,2604,京都・乙訓,心血管,42.55078946304166,4,"LDL, 中性脂肪, 収縮期血圧, 心電図"
京都府,2604,京都・乙訓,糖尿病,34.99518926754148,2,"HbA1c, 空腹時血糖"
京都府,2605,山城北,CKD,53.87727607401803,2,"eGFR, 尿蛋白"
京都府,2605,山城北,心血管,45.82956806309296,4,"LDL, 中性脂肪, 収縮期血圧, 心電図"
京都府,2605,山城北,糖尿病,43.38665922005462,2,"HbA1c, 空腹時血糖"
京都府,2606,山城南,CKD,47.38792269791617,2,"eGFR, 尿蛋白"
京都府,2606,山城南,心血管,42.11340140442668,4,"LDL, 中性脂肪, 収縮期血圧, 心電図"
京都府,2606,山城南,糖尿病,36.84506479897637,2,"HbA1c, 空腹時血糖"
佐賀県,4101,中部,CKD,47.53108925578057,2,"eGFR, 尿蛋白"
佐賀県,4101,中部,心血管,48.85999620002647,4,"LDL, 中性脂肪, 収縮期血圧, 心電図"
佐賀県,4101,中部,糖尿病,55.32788548599636,2,"HbA1c, 空腹時血糖"
佐賀県,4102,東部,CKD,44.73288270963175,2,"eGFR, 尿蛋白"
佐賀県,4102,東部,心血管,49.568083512185765,4,"LDL, 中性脂肪, 収縮期血圧, 心電図"
佐賀県,4102,東部,糖尿病,58.44708484400829,2,"HbA1c, 空腹時血糖"
佐賀県,4103,北部,CKD,50.00975482876649,2,"eGFR, 尿蛋白"
佐賀県,4103,北部,心血管,40.72602428961105,4,"LDL, 中性脂肪, 収縮期血圧, 心電図"
佐賀県,4103,北部,糖尿病,64.57231766137693,2,"HbA1c, 空腹時血糖"
佐賀県,4104,西部,CKD,50.301617317103556,2,"eGFR, 尿蛋白"
佐賀県,4104,西部,心血管,42.883582290059856,4,"LDL, 中性脂肪, 収縮期血圧, 心電図"
佐賀県,4104,西部,糖尿病,59.12110248004211,2,"HbA1c, 空腹時血糖"
佐賀県,4105,南部,CKD,46.408083851709165,2,"eGFR, 尿蛋白"
佐賀県,4105,南部,心血管,46.44385681370923,4,"LDL, 中性脂肪, 収縮期血圧, 心電図"
佐賀県,4105,南部,糖尿病,57.19244639648143,2,"HbA1c, 空腹時血糖"
兵庫県,2801,神戸,CKD,52.22730019342512,2,"eGFR, 尿蛋白"
兵庫県,2801,神戸,心血管,42.68293370842196,4,"LDL, 中性脂肪, 収縮期血圧, 心電図"
兵庫県,2801,神戸,糖尿病,36.70540095686553,2,"HbA1c, 空腹時血糖"
兵庫県,2804,東播磨,CKD,53.270814075919986,2,"eGFR, 尿蛋白"
兵庫県,2804,東播磨,心血管,51.63880678705692,4,"LDL, 中性脂肪, 収縮期血圧, 心電図"
兵庫県,2804,東播磨,糖尿病,42.15535592680587,2,"HbA1c, 空腹時血糖"
兵庫県,2805,北播磨,CKD,45.961833012046924,2,"eGFR, 尿蛋白"
兵庫県,2805,北播磨,心血管,53.4242622145824,4,"LDL, 中性脂肪, 収縮期血圧, 心電図"
兵庫県,2805,北播磨,糖尿病,45.79316898734294,2,"HbA1c, 空腹時血糖"
兵庫県,2808,但馬,CKD,47.335497273892145,2,"eGFR, 尿蛋白"
兵庫県,2808,但馬,心血管,56.64826852968619,4,"LDL, 中性脂肪, 収縮期血圧, 心電図"
兵庫県,2808,但馬,糖尿病,41.32539403955573,2,"HbA1c, 空腹時血糖"
兵庫県,2809,丹波,CKD,44.30254919300401,2,"eGFR, 尿蛋白"
兵庫県,2809,丹波,心血管,55.85478452934293,4,"LDL, 中性脂肪, 収縮期血圧, 心電図"
兵庫県,2809,丹波,糖尿病,43.83823194548647,2,"HbA1c, 空腹時血糖"
兵庫県,2810,淡路,CKD,42.233314360755244,2,"eGFR, 尿蛋白"
兵庫県,2810,淡路,心血管,55.52712815545997,4,"LDL, 中性脂肪, 収縮期血圧, 心電図"
兵庫県,2810,淡路,糖尿病,42.74653918327046,2,"HbA1c, 空腹時血糖"
兵庫県,2811,阪神,CKD,52.015605040702376,2,"eGFR, 尿蛋白"
兵庫県,2811,阪神,心血管,44.384311217142,4,"LDL, 中性脂肪, 収縮期血圧, 心電図"
兵庫県,2811,阪神,糖尿病,35.813933911875985,2,"HbA1c, 空腹時血糖"
兵庫県,2812,播磨姫路,CKD,48.49269708373874,2,"eGFR, 尿蛋白"
兵庫県,2812,播磨姫路,心血管,58.65614407791189,4,"LDL, 中性脂肪, 収縮期血圧, 心電図"
兵庫県,2812,播磨姫路,糖尿病,46.43689499045761,2,"HbA1c, 空腹時血糖"
北海道,101,南渡島,CKD,52.06274462364706,2,"eGFR, 尿蛋白"
北海道,101,南渡島,心血管,55.72426452702218,4,"LDL, 中性脂肪, 収縮期血圧, 心電図"
北海道,101,南渡島,糖尿病,52.76878146326025,2,"HbA1c, 空腹時血糖"
北海道,102,南檜山,CKD,50.61079891043806,2,"eGFR, 尿蛋白"
北海道,102,南檜山,心血管,53.30743240042001,4,"LDL, 中性脂肪, 収縮期血圧, 心電図"
北海道,102,南檜山,糖尿病,72.68109341812453,2,"HbA1c, 空腹時血糖"
北海道,103,北渡島檜山,CKD,46.83669059714677,2,"eGFR, 尿蛋白"
北海道,103,北渡島檜山,心血管,57.87109940042772,4,"LDL, 中性脂肪, 収縮期血圧, 心電図"
北海道,103,北渡島檜山,糖尿病,57.409129939983856,2,"HbA1c, 空腹時血糖"
北海道,104,札幌,CKD,47.6421031890105,2,"eGFR, 尿蛋白"
北海道,104,札幌,心血管,45.61847443355786,4,"LDL, 中性脂肪, 収縮期血圧, 心電図"
北海道,104,札幌,糖尿病,40.22361569168314,2,"HbA1c, 空腹時血糖"
北海道,105,後志,CKD,46.989579284984046,2,"eGFR, 尿蛋白"
北海道,105,後志,心血管,51.00301049759017,4,"LDL, 中性脂肪, 収縮期血圧, 心電図"
北海道,105,後志,糖尿病,52.12055828103642,2,"HbA1c, 空腹時血糖"
北海道,106,南空知,CKD,48.10847324815447,2,"eGFR, 尿蛋白"
北海道,106,南空知,心血管,47.72433747520717,4,"LDL, 中性脂肪, 収縮期血圧, 心電図"
北海道,106,南空知,糖尿病,55.41615647005807,2,"HbA1c, 空腹時血糖"
北海道,107,中空知,CKD,52.05020737282098,2,"eGFR, 尿蛋白"
北海道,107,中空知,心血管,51.27067955052931,4,"LDL, 中性脂肪, 収縮期血圧, 心電図"
北海道,107,中空知,糖尿病,67.1093035241161,2,"HbA1c, 空腹時血糖"
北海道,108,北空知,CKD,41.2553112613023,2,"eGFR, 尿蛋白"
北海道,108,北空知,心血管,45.66432768067303,4,"LDL, 中性脂肪, 収縮期血圧, 心電図"
北海道,108,北空知,糖尿病,59.45178622867411,2,"HbA1c, 空腹時血糖"
北海道,109,西胆振,CKD,44.53386572005373,2,"eGFR, 尿蛋白"
北海道,109,西胆振,心血管,56.3175152793917,4,"LDL, 中性脂肪, 収縮期血圧, 心電図"
北海道,109,西胆振,糖尿病,56.92343955357648,2,"HbA1c, 空腹時血糖"
北海道,110,東胆振,CKD,50.4223137733301,2,"eGFR, 尿蛋白"
北海道,110,東胆振,心血管,50.952049049519886,4,"LDL, 中性脂肪, 収縮期血圧, 心電図"
北海道,110,東胆振,糖尿病,51.92117058491274,2,"HbA1c, 空腹時血糖"
北海道,111,日高,CKD,53.72668991483115,2,"eGFR, 尿蛋白"
北海道,111,日高,心血管,54.14121511286815,4,"LDL, 中性脂肪, 収縮期血圧, 心電図"
北海道,111,日高,糖尿病,61.218215296820134,2,"HbA1c, 空腹時血糖"
北海道,112,上川中部,CKD,52.11594761163464,2,"eGFR, 尿蛋白"
北海道,112,上川中部,心血管,46.17215863821936,4,"LDL, 中性脂肪, 収縮期血圧, 心電図"
北海道,112,上川中部,糖尿病,48.20889433802941,2,"HbA1c, 空腹時血糖"
北海道,113,上川北部,CKD,50.04797093349141,2,"eGFR, 尿蛋白"
北海道,113,上川北部,心血管,45.76011461664085,4,"LDL, 中性脂肪, 収縮期血圧, 心電図"
北海道,113,上川北部,糖尿病,60.17762350320137,2,"HbA1c, 空腹時血糖"
北海道,114,富良野,CKD,44.194902967230036,2,"eGFR, 尿蛋白"
北海道,114,富良野,心血管,48.589664353029335,4,"LDL, 中性脂肪, 収縮期血圧, 心電図"
北海道,114,富良野,糖尿病,53.881120950308656,2,"HbA1c, 空腹時血糖"
北海道,115,留萌,CKD,57.75911847472341,2,"eGFR, 尿蛋白"
北海道,115,留萌,心血管,54.107405602630806,4,"LDL, 中性脂肪, 収縮期血圧, 心電図"
北海道,115,留萌,糖尿病,74.41364680319116,2,"HbA1c, 空腹時血糖"
北海道,116,宗谷,CKD,50.00818914085811,2,"eGFR, 尿蛋白"
北海道,116,宗谷,心血管,52.721377130861434,4,"LDL, 中性脂肪, 収縮期血圧, 心電図"
北海道,116,宗谷,糖尿病,55.916857027045396,2,"HbA1c, 空腹時血糖"
北海道,117,北網,CKD,51.058227875830596,2,"eGFR, 尿蛋白"
北海道,117,北網,心血管,51.43587975352993,4,"LDL, 中性脂肪, 収縮期血圧, 心電図"
北海道,117,北網,糖尿病,56.0814025005871,2,"HbA1c, 空腹時血糖"
北海道,118,遠紋,CKD,44.68853740262534,2,"eGFR, 尿蛋白"
北海道,118,遠紋,心血管,56.844158044668134,4,"LDL, 中性脂肪, 収縮期血圧, 心電図"
北海道,118,遠紋,糖尿病,66.10602881489248,2,"HbA1c, 空腹時血糖"
北海道,119,十勝,CKD,50.8274239723621,2,"eGFR, 尿蛋白"
北海道,119,十勝,心血管,48.0287996675044,4,"LDL, 中性脂肪, 収縮期血圧, 心電図"
北海道,119,十勝,糖尿病,54.84972889177473,2,"HbA1c, 空腹時血糖"
北海道,120,釧路,CKD,61.97340207918773,2,"eGFR, 尿蛋白"
北海道,120,釧路,心血管,54.65088141620851,4,"LDL, 中性脂肪, 収縮期血圧, 心電図"
北海道,120,釧路,糖尿病,59.20462697863867,2,"HbA1c, 空腹時血糖"
北海道,121,根室,CKD,48.89644653488816,2,"eGFR, 尿蛋白"
北海道,121,根室,心血管,61.20234872583584,4,"LDL, 中性脂肪, 収縮期血圧, 心電図"
北海道,121,根室,糖尿病,52.154679136939215,2,"HbA1c, 空腹時血糖"
千葉県,1201,千葉,CKD,51.25261808236161,2,"eGFR, 尿蛋白"
千葉県,1201,千葉,心血管,46.258275962800006,4,"LDL, 中性脂肪, 収縮期血圧, 心電図"
千葉県,1201,千葉,糖尿病,43.16042204092318,2,"HbA1c, 空腹時血糖"
千葉県,1202,東葛南部,CKD,51.118308582885646,2,"eGFR, 尿蛋白"
千葉県,1202,東葛南部,心血管,46.118034747031324,4,"LDL, 中性脂肪, 収縮期血圧, 心電図"
千葉県,1202,東葛南部,糖尿病,39.608752653803954,2,"HbA1c, 空腹時血糖"
千葉県,1203,東葛北部,CKD,48.781475921996076,2,"eGFR, 尿蛋白"
千葉県,1203,東葛北部,心血管,50.84020003176919,4,"LDL, 中性脂肪, 収縮期血圧, 心電図"
千葉県,1203,東葛北部,糖尿病,41.66019404306515,2,"HbA1c, 空腹時血糖"
千葉県,1204,印旛,CKD,47.92769181622556,2,"eGFR, 尿蛋白"
千葉県,1204,印旛,心血管,49.86773952680167,4,"LDL, 中性脂肪, 収縮期血圧, 心電図"
千葉県,1204,印旛,糖尿病,45.19988449264571,2,"HbA1c, 空腹時血糖"
千葉県,1205,香取海匝,CKD,43.54543632613442,2,"eGFR, 尿蛋白"
千葉県,1205,香取海匝,心血管,51.30169118697924,4,"LDL, 中性脂肪, 収縮期血圧, 心電図"
千葉県,1205,香取海匝,糖尿病,53.18964304254321,2,"HbA1c, 空腹時血糖"
千葉県,1206,山武長生夷隅,CKD,44.15589389169689,2,"eGFR, 尿蛋白"
千葉県,1206,山武長生夷隅,心血管,52.249822371205795,4,"LDL, 中性脂肪, 収縮期血圧, 心電図"
千葉県,1206,山武長生夷隅,糖尿病,57.6542842484248,2,"HbA1c, 空腹時血糖"
千葉県,1207,安房,CKD,39.1105269041807,2,"eGFR, 尿蛋白"
千葉県,1207,安房,心血管,50.473353028114154,4,"LDL, 中性脂肪, 収縮期血圧, 心電図"
千葉県,1207,安房,糖尿病,62.690001491172,2,"HbA1c, 空腹時血糖"
千葉県,1208,君津,CKD,55.37420861184236,2,"eGFR, 尿蛋白"
千葉県,1208,君津,心血管,53.49280131328351,4,"LDL, 中性脂肪, 収縮期血圧, 心電図"
千葉県,1208,君津,糖尿病,54.39234716056457,2,"HbA1c, 空腹時血糖"
千葉県,1209,市原,CKD,54.73116830586545,2,"eGFR, 尿蛋白"
千葉県,1209,市原,心血管,50.7710677636381,4,"LDL, 中性脂肪, 収縮期血圧, 心電図"
千葉県,1209,市原,糖尿病,52.75179777662497,2,"HbA1c, 空腹時血糖"
和歌山県,3001,和歌山,CKD,59.14638264245828,2,"eGFR, 尿蛋白"
和歌山県,3001,和歌山,心血管,54.88638446931578,4,"LDL, 中性脂肪, 収縮期血圧, 心電図"
和歌山県,3001,和歌山,糖尿病,52.65499331409812,2,"HbA1c, 空腹時血糖"
和歌山県,3002,那賀,CKD,56.936843478811255,2,"eGFR, 尿蛋白"
和歌山県,3002,那賀,心血管,51.93722432408135,4,"LDL, 中性脂肪, 収縮期血圧, 心電図"
和歌山県,3002,那賀,糖尿病,50.04866265125718,2,"HbA1c, 空腹時血糖"
和歌山県,3003,橋本,CKD,52.734253080493595,2,"eGFR, 尿蛋白"
和歌山県,3003,橋本,心血管,52.905622144523235,4,"LDL, 中性脂肪, 収縮期血圧, 心電図"
和歌山県,3003,橋本,糖尿病,49.709245031709756,2,"HbA1c, 空腹時血糖"
和歌山県,3004,有田,CKD,51.22089916813502,2,"eGFR, 尿蛋白"
和歌山県,3004,有田,心血管,51.92209963901805,4,"LDL, 中性脂肪, 収縮期血圧, 心電図"
和歌山県,3004,有田,糖尿病,49.817881570156864,2,"HbA1c, 空腹時血糖"
和歌山県,3005,御坊,CKD,50.103159960236695,2,"eGFR, 尿蛋白"
和歌山県,3005,御坊,心血管,45.82278357174454,4,"LDL, 中性脂肪, 収縮期血圧, 心電図"
和歌山県,3005,御坊,糖尿病,56.84299404763931,2,"HbA1c, 空腹時血糖"
和歌山県,3006,田辺,CKD,54.37837128104053,2,"eGFR, 尿蛋白"
和歌山県,3006,田辺,心血管,53.06628406622977,4,"LDL, 中性脂肪, 収縮期血圧, 心電図"
和歌山県,3006,田辺,糖尿病,52.649838060410715,2,"HbA1c, 空腹時血糖"
和歌山県,3007,新宮,CKD,53.177453527360285,2,"eGFR, 尿蛋白"
和歌山県,3007,新宮,心血管,57.323064017327425,4,"LDL, 中性脂肪, 収縮期血圧, 心電図"
和歌山県,3007,新宮,糖尿病,49.12292244642235,2,"HbA1c, 空腹時血糖"
埼玉県,1101,南部,CKD,49.27334641689775,2,"eGFR, 尿蛋白"
埼玉県,1101,南部,心血管,47.581746543499094,4,"LDL, 中性脂肪, 収縮期血圧, 心電図"
埼玉県,1101,南部,糖尿病,42.80647507383297,2,"HbA1c, 空腹時血糖"
埼玉県,1102,南西部,CKD,49.041122969154294,2,"eGFR, 尿蛋白"
埼玉県,1102,南西部,心血管,48.05140626599821,4,"LDL, 中性脂肪, 収縮期血圧, 心電図"
埼玉県,1102,南西部,糖尿病,41.830863759304705,2,"HbA1c, 空腹時血糖"
埼玉県,1103,東部,CKD,50.74484616133499,2,"eGFR, 尿蛋白"
埼玉県,1103,東部,心血管,50.47238563982946,4,"LDL, 中性脂肪, 収縮期血圧, 心電図"
埼玉県,1103,東部,糖尿病,45.38060389925565,2,"HbA1c, 空腹時血糖"
埼玉県,1104,さいたま,CKD,50.31851139891195,2,"eGFR, 尿蛋白"
埼玉県,1104,さいたま,心血管,42.66081715006046,4,"LDL, 中性脂肪, 収縮期血圧, 心電図"
埼玉県,1104,さいたま,糖尿病,42.186784259600614,2,"HbA1c, 空腹時血糖"
埼玉県,1105,県央,CKD,51.12097700850566,2,"eGFR, 尿蛋白"
埼玉県,1105,県央,心血管,49.12581769487315,4,"LDL, 中性脂肪, 収縮期血圧, 心電図"
埼玉県,1105,県央,糖尿病,46.72502401113326,2,"HbA1c, 空腹時血糖"
埼玉県,1106,川越比企,CKD,47.777424762589,2,"eGFR, 尿蛋白"
埼玉県,1106,川越比企,心血管,52.54819384933837,4,"LDL, 中性脂肪, 収縮期血圧, 心電図"
埼玉県,1106,川越比企,糖尿病,45.82824860075607,2,"HbA1c, 空腹時血糖"
埼玉県,1107,西部,CKD,52.84086438211334,2,"eGFR, 尿蛋白"
埼玉県,1107,西部,心血管,49.01952788375807,4,"LDL, 中性脂肪, 収縮期血圧, 心電図"
埼玉県,1107,西部,糖尿病,44.966866587021784,2,"HbA1c, 空腹時血糖"
埼玉県,1108,利根,CKD,48.12299865610585,2,"eGFR, 尿蛋白"
埼玉県,1108,利根,心血管,49.40471337080845,4,"LDL, 中性脂肪, 収縮期血圧, 心電図"
埼玉県,1108,利根,糖尿病,53.55240440795007,2,"HbA1c, 空腹時血糖"
埼玉県,1109,北部,CKD,44.9991544711894,2,"eGFR, 尿蛋白"
埼玉県,1109,北部,心血管,49.67199652517453,4,"LDL, 中性脂肪, 収縮期血圧, 心電図"
埼玉県,1109,北部,糖尿病,50.81291834431228,2,"HbA1c, 空腹時血糖"
埼玉県,1110,秩父,CKD,42.70148936546833,2,"eGFR, 尿蛋白"
埼玉県,1110,秩父,心血管,56.74637063186909,4,"LDL, 中性脂肪, 収縮期血圧, 心電図"
埼玉県,1110,秩父,糖尿病,48.65715333766363,2,"HbA1c, 空腹時血糖"
大分県,4401,東部,CKD,49.02160401333171,2,"eGFR, 尿蛋白"
大分県,4401,東部,心血管,46.77939859355388,4,"LDL, 中性脂肪, 収縮期血圧, 心電図"
大分県,4401,東部,糖尿病,51.216651214896174,2,"HbA1c, 空腹時血糖"
大分県,4403,中部,CKD,53.77249270665015,2,"eGFR, 尿蛋白"
大分県,4403,中部,心血管,45.66946310620722,4,"LDL, 中性脂肪, 収縮期血圧, 心電図"
大分県,4403,中部,糖尿病,47.56321582283452,2,"HbA1c, 空腹時血糖"
大分県,4405,南部,CKD,60.23501325335772,2,"eGFR, 尿蛋白"
大分県,4405,南部,心血管,49.06570285873057,4,"LDL, 中性脂肪, 収縮期血圧, 心電図"
大分県,4405,南部,糖尿病,52.38302930110963,2,"HbA1c, 空腹時血糖"
大分県,4406,豊肥,CKD,58.36800050970994,2,"eGFR, 尿蛋白"
大分県,4406,豊肥,心血管,38.05109177223444,4,"LDL, 中性脂肪, 収縮期血圧, 心電図"
大分県,4406,豊肥,糖尿病,62.04414702054879,2,"HbA1c, 空腹時血糖"
大分県,4408,西部,CKD,47.135017484561956,2,"eGFR, 尿蛋白"
大分県,4408,西部,心血管,46.359743025964406,4,"LDL, 中性脂肪, 収縮期血圧, 心電図"
大分県,4408,西部,糖尿病,49.83422553836819,2,"HbA1c, 空腹時血糖"
大分県,4409,北部,CKD,43.1383350018003,2,"eGFR, 尿蛋白"
大分県,4409,北部,心血管,45.19322240695081,4,"LDL, 中性脂肪, 収縮期血圧, 心電図"
大分県,4409,北部,糖尿病,57.006009611110656,2,"HbA1c, 空腹時血糖"
大阪府,2701,豊能,CKD,53.05809175692062,2,"eGFR, 尿蛋白"
大阪府,2701,豊能,心血管,44.25683333512397,4,"LDL, 中性脂肪, 収縮期血圧, 心電図"
大阪府,2701,豊能,糖尿病,34.4260267225139,2,"HbA1c, 空腹時血糖"
大阪府,2702,三島,CKD,52.982806738940525,2,"eGFR, 尿蛋白"
大阪府,2702,三島,心血管,45.09116147161412,4,"LDL, 中性脂肪, 収縮期血圧, 心電図"
大阪府,2702,三島,糖尿病,37.03894071702472,2,"HbA1c, 空腹時血糖"
大阪府,2703,北河内,CKD,55.7262887398456,2,"eGFR, 尿蛋白"
大阪府,2703,北河内,心血管,48.691011469681506,4,"LDL, 中性脂肪, 収縮期血圧, 心電図"
大阪府,2703,北河内,糖尿病,42.23651500434173,2,"HbA1c, 空腹時血糖"
大阪府,2704,中河内,CKD,50.97771164406579,2,"eGFR, 尿蛋白"
大阪府,2704,中河内,心血管,49.974270998318886,4,"LDL, 中性脂肪, 収縮期血圧, 心電図"
大阪府,2704,中河内,糖尿病,43.730030944628055,2,"HbA1c, 空腹時血糖"
大阪府,2705,南河内,CKD,55.78949024243015,2,"eGFR, 尿蛋白"
大阪府,2705,南河内,心血管,52.055145273757965,4,"LDL, 中性脂肪, 収縮期血圧, 心電図"
大阪府,2705,南河内,糖尿病,45.96794401135142,2,"HbA1c, 空腹時血糖"
大阪府,2706,堺市,CKD,48.03582248944005,2,"eGFR, 尿蛋白"
大阪府,2706,堺市,心血管,54.33799672947811,4,"LDL, 中性脂肪, 収縮期血圧, 心電図"
大阪府,2706,堺市,糖尿病,43.539783125066805,2,"HbA1c, 空腹時血糖"
大阪府,2707,泉州,CKD,51.41330536879242,2,"eGFR, 尿蛋白"
大阪府,2707,泉州,心血管,51.20015250787087,4,"LDL, 中性脂肪, 収縮期血圧, 心電図"
大阪府,2707,泉州,糖尿病,44.66669892363372,2,"HbA1c, 空腹時血糖"
大阪府,2708,大阪市,CKD,50.711146707564815,2,"eGFR, 尿蛋白"
大阪府,2708,大阪市,心血管,47.85666190585236,4,"LDL, 中性脂肪, 収縮期血圧, 心電図"
大阪府,2708,大阪市,糖尿病,40.014723815009916,2,"HbA1c, 空腹時血糖"
奈良県,2901,奈良,CKD,52.308258782423735,2,"eGFR, 尿蛋白"
奈良県,2901,奈良,心血管,50.38776209214129,4,"LDL, 中性脂肪, 収縮期血圧, 心電図"
奈良県,2901,奈良,糖尿病,35.370141091185964,2,"HbA1c, 空腹時血糖"
奈良県,2902,東和,CKD,48.06210870393299,2,"eGFR, 尿蛋白"
奈良県,2902,東和,心血管,56.932190057371024,4,"LDL, 中性脂肪, 収縮期血圧, 心電図"
奈良県,2902,東和,糖尿病,46.26169459348737,2,"HbA1c, 空腹時血糖"
奈良県,2903,西和,CKD,50.897316883874026,2,"eGFR, 尿蛋白"
奈良県,2903,西和,心血管,52.904304216799694,4,"LDL, 中性脂肪, 収縮期血圧, 心電図"
奈良県,2903,西和,糖尿病,37.78230945466407,2,"HbA1c, 空腹時血糖"
奈良県,2904,中和,CKD,50.738435903819244,2,"eGFR, 尿蛋白"
奈良県,2904,中和,心血管,51.1799675205886,4,"LDL, 中性脂肪, 収縮期血圧, 心電図"
奈良県,2904,中和,糖尿病,39.189441766118634,2,"HbA1c, 空腹時血糖"
奈良県,2905,南和,CKD,50.53721878046927,2,"eGFR, 尿蛋白"
奈良県,2905,南和,心血管,59.86116520811261,4,"LDL, 中性脂肪, 収縮期血圧, 心電図"
奈良県,2905,南和,糖尿病,51.60506227827889,2,"HbA1c, 空腹時血糖"
宮城県,401,仙南,CKD,40.167289425405514,2,"eGFR, 尿蛋白"
宮城県,401,仙南,心血管,51.86997477016972,4,"LDL, 中性脂肪, 収縮期血圧, 心電図"
宮城県,401,仙南,糖尿病,58.83719283216445,2,"HbA1c, 空腹時血糖"
宮城県,403,仙台,CKD,46.34976019937189,2,"eGFR, 尿蛋白"
宮城県,403,仙台,心血管,45.2010533624717,4,"LDL, 中性脂肪, 収縮期血圧, 心電図"
宮城県,403,仙台,糖尿病,51.68596533557983,2,"HbA1c, 空腹時血糖"
宮城県,406,大崎・栗原,CKD,41.66635844359425,2,"eGFR, 尿蛋白"
宮城県,406,大崎・栗原,心血管,51.79195389540506,4,"LDL, 中性脂肪, 収縮期血圧, 心電図"
宮城県,406,大崎・栗原,糖尿病,61.481879418209715,2,"HbA1c, 空腹時血糖"
宮城県,409,石巻・登米・気仙沼,CKD,45.02510366107034,2,"eGFR, 尿蛋白"
宮城県,409,石巻・登米・気仙沼,心血管,56.35380695436234,4,"LDL, 中性脂肪, 収縮期血圧, 心電図"
宮城県,409,石巻・登米・気仙沼,糖尿病,65.79987339256289,2,"HbA1c, 空腹時血糖"
宮崎県,4501,宮崎東諸県,CKD,52.98235960491687,2,"eGFR, 尿蛋白"
宮崎県,4501,宮崎東諸県,心血管,42.15921416872625,4,"LDL, 中性脂肪, 収縮期血圧, 心電図"
宮崎県,4501,宮崎東諸県,糖尿病,41.77821790993128,2,"HbA1c, 空腹時血糖"
宮崎県,4502,都城北諸県,CKD,47.753184921933595,2,"eGFR, 尿蛋白"
宮崎県,4502,都城北諸県,心血管,40.40082206176052,4,"LDL, 中性脂肪, 収縮期血圧, 心電図"
宮崎県,4502,都城北諸県,糖尿病,65.48111720554039,2,"HbA1c, 空腹時血糖"
宮崎県,4503,延岡西臼杵,CKD,48.470850032757525,2,"eGFR, 尿蛋白"
宮崎県,4503,延岡西臼杵,心血管,48.451116723874456,4,"LDL, 中性脂肪, 収縮期血圧, 心電図"
宮崎県,4503,延岡西臼杵,糖尿病,45.2783777333143,2,"HbA1c, 空腹時血糖"
宮崎県,4504,日南串間,CKD,52.36124324238797,2,"eGFR, 尿蛋白"
宮崎県,4504,日南串間,心血管,50.53373746363112,4,"LDL, 中性脂肪, 収縮期血圧, 心電図"
宮崎県,4504,日南串間,糖尿病,52.60587558787752,2,"HbA1c, 空腹時血糖"
宮崎県,4505,西諸,CKD,47.593075279503964,2,"eGFR, 尿蛋白"
宮崎県,4505,西諸,心血管,47.57550931780091,4,"LDL, 中性脂肪, 収縮期血圧, 心電図"
宮崎県,4505,西諸,糖尿病,60.28147203956706,2,"HbA1c, 空腹時血糖"
宮崎県,4506,西都児湯,CKD,45.289898618551064,2,"eGFR, 尿蛋白"
宮崎県,4506,西都児湯,心血管,45.14271949334057,4,"LDL, 中性脂肪, 収縮期血圧, 心電図"
宮崎県,4506,西都児湯,糖尿病,52.37728812891657,2,"HbA1c, 空腹時血糖"
宮崎県,4507,日向入郷,CKD,42.97182835979478,2,"eGFR, 尿蛋白"
宮崎県,4507,日向入郷,心血管,45.303656803524795,4,"LDL, 中性脂肪, 収縮期血圧, 心電図"
宮崎県,4507,日向入郷,糖尿病,43.29122689243257,2,"HbA1c, 空腹時血糖"
富山県,1601,新川,CKD,49.52382220768041,2,"eGFR, 尿蛋白"
富山県,1601,新川,心血管,53.097423508391365,4,"LDL, 中性脂肪, 収縮期血圧, 心電図"
富山県,1601,新川,糖尿病,44.48252520727084,2,"HbA1c, 空腹時血糖"
富山県,1602,富山,CKD,52.03687748439646,2,"eGFR, 尿蛋白"
富山県,1602,富山,心血管,50.054681623643404,4,"LDL, 中性脂肪, 収縮期血圧, 心電図"
富山県,1602,富山,糖尿病,47.04712552350372,2,"HbA1c, 空腹時血糖"
富山県,1603,高岡,CKD,56.594411324020925,2,"eGFR, 尿蛋白"
富山県,1603,高岡,心血管,49.682081892130526,4,"LDL, 中性脂肪, 収縮期血圧, 心電図"
富山県,1603,高岡,糖尿病,54.08918879254202,2,"HbA1c, 空腹時血糖"
富山県,1604,砺波,CKD,57.551959821614204,2,"eGFR, 尿蛋白"
富山県,1604,砺波,心血管,49.79322546644133,4,"LDL, 中性脂肪, 収縮期血圧, 心電図"
富山県,1604,砺波,糖尿病,53.63948353648131,2,"HbA1c, 空腹時血糖"
山口県,3501,岩国,CKD,53.845818777627485,2,"eGFR, 尿蛋白"
山口県,3501,岩国,心血管,52.430703683833954,4,"LDL, 中性脂肪, 収縮期血圧, 心電図"
山口県,3501,岩国,糖尿病,43.206887632262976,2,"HbA1c, 空腹時血糖"
山口県,3502,柳井,CKD,50.66221013966773,2,"eGFR, 尿蛋白"
山口県,3502,柳井,心血管,56.20499039520219,4,"LDL, 中性脂肪, 収縮期血圧, 心電図"
山口県,3502,柳井,糖尿病,46.040604656324234,2,"HbA1c, 空腹時血糖"
山口県,3503,周南,CKD,55.55964404740098,2,"eGFR, 尿蛋白"
山口県,3503,周南,心血管,52.42945431491978,4,"LDL, 中性脂肪, 収縮期血圧, 心電図"
山口県,3503,周南,糖尿病,42.451359694161965,2,"HbA1c, 空腹時血糖"
山口県,3504,山口・防府,CKD,49.252263162491076,2,"eGFR, 尿蛋白"
山口県,3504,山口・防府,心血管,51.62948944501184,4,"LDL, 中性脂肪, 収縮期血圧, 心電図"
山口県,3504,山口・防府,糖尿病,45.93514497914912,2,"HbA1c, 空腹時血糖"
山口県,3505,宇部・小野田,CKD,53.34636339181803,2,"eGFR, 尿蛋白"
山口県,3505,宇部・小野田,心血管,54.80704096943761,4,"LDL, 中性脂肪, 収縮期血圧, 心電図"
山口県,3505,宇部・小野田,糖尿病,47.71550598727674,2,"HbA1c, 空腹時血糖"
山口県,3506,下関,CKD,55.39819382354808,2,"eGFR, 尿蛋白"
山口県,3506,下関,心血管,59.81815653963076,4,"LDL, 中性脂肪, 収縮期血圧, 心電図"
山口県,3506,下関,糖尿病,49.66933277818371,2,"HbA1c, 空腹時血糖"
山口県,3507,長門,CKD,38.187567343872516,2,"eGFR, 尿蛋白"
山口県,3507,長門,心血管,50.440068791731626,4,"LDL, 中性脂肪, 収縮期血圧, 心電図"
山口県,3507,長門,糖尿病,46.03016089847665,2,"HbA1c, 空腹時血糖"
山口県,3508,萩,CKD,49.35809376275202,2,"eGFR, 尿蛋白"
山口県,3508,萩,心血管,56.86890421274424,4,"LDL, 中性脂肪, 収縮期血圧, 心電図"
山口県,3508,萩,糖尿病,56.380615872232646,2,"HbA1c, 空腹時血糖"
山形県,601,村山,CKD,40.99140098567356,2,"eGFR, 尿蛋白"
山形県,601,村山,心血管,45.3991364541572,4,"LDL, 中性脂肪, 収縮期血圧, 心電図"
山形県,601,村山,糖尿病,54.03286255571382,2,"HbA1c, 空腹時血糖"
山形県,602,最上,CKD,40.38795773408352,2,"eGFR, 尿蛋白"
山形県,602,最上,心血管,58.38844579670623,4,"LDL, 中性脂肪, 収縮期血圧, 心電図"
山形県,602,最上,糖尿病,69.49418145951861,2,"HbA1c, 空腹時血糖"
山形県,603,置賜,CKD,34.487492996814865,2,"eGFR, 尿蛋白"
山形県,603,置賜,心血管,48.18956832883582,4,"LDL, 中性脂肪, 収縮期血圧, 心電図"
山形県,603,置賜,糖尿病,48.994281130807835,2,"HbA1c, 空腹時血糖"
山形県,604,庄内,CKD,42.518243919012626,2,"eGFR, 尿蛋白"
山形県,604,庄内,心血管,48.35771871814193,4,"LDL, 中性脂肪, 収縮期血圧, 心電図"
山形県,604,庄内,糖尿病,50.18028163695145,2,"HbA1c, 空腹時血糖"
山梨県,1901,中北,CKD,50.57137656829171,2,"eGFR, 尿蛋白"
山梨県,1901,中北,心血管,50.02855560976519,4,"LDL, 中性脂肪, 収縮期血圧, 心電図"
山梨県,1901,中北,糖尿病,45.10004884844486,2,"HbA1c, 空腹時血糖"
山梨県,1902,峡東,CKD,52.72625412175286,2,"eGFR, 尿蛋白"
山梨県,1902,峡東,心血管,50.75709719213542,4,"LDL, 中性脂肪, 収縮期血圧, 心電図"
山梨県,1902,峡東,糖尿病,45.402114718797826,2,"HbA1c, 空腹時血糖"
山梨県,1903,峡南,CKD,50.58149912918911,2,"eGFR, 尿蛋白"
山梨県,1903,峡南,心血管,53.27086611788635,4,"LDL, 中性脂肪, 収縮期血圧, 心電図"
山梨県,1903,峡南,糖尿病,55.82225438760845,2,"HbA1c, 空腹時血糖"
山梨県,1904,富士・東部,CKD,49.20590537443712,2,"eGFR, 尿蛋白"
山梨県,1904,富士・東部,心血管,56.77664737024942,4,"LDL, 中性脂肪, 収縮期血圧, 心電図"
山梨県,1904,富士・東部,糖尿病,50.74292091250155,2,"HbA1c, 空腹時血糖"
岐阜県,2101,岐阜,CKD,58.17955262541704,2,"eGFR, 尿蛋白"
岐阜県,2101,岐阜,心血管,50.837268938379594,4,"LDL, 中性脂肪, 収縮期血圧, 心電図"
岐阜県,2101,岐阜,糖尿病,39.15513378700393,2,"HbA1c, 空腹時血糖"
岐阜県,2102,西濃,CKD,55.15476052502534,2,"eGFR, 尿蛋白"
岐阜県,2102,西濃,心血管,51.81915896975947,4,"LDL, 中性脂肪, 収縮期血圧, 心電図"
岐阜県,2102,西濃,糖尿病,41.51238617915547,2,"HbA1c, 空腹時血糖"
岐阜県,2103,中濃,CKD,54.25400920458587,2,"eGFR, 尿蛋白"
岐阜県,2103,中濃,心血管,54.49827439640618,4,"LDL, 中性脂肪, 収縮期血圧, 心電図"
岐阜県,2103,中濃,糖尿病,41.50983359622706,2,"HbA1c, 空腹時血糖"
岐阜県,2104,東濃,CKD,48.82326644271437,2,"eGFR, 尿蛋白"
岐阜県,2104,東濃,心血管,48.695252116153725,4,"LDL, 中性脂肪, 収縮期血圧, 心電図"
岐阜県,2104,東濃,糖尿病,40.411812692879685,2,"HbA1c, 空腹時血糖"
岐阜県,2105,飛騨,CKD,53.00390969310621,2,"eGFR, 尿蛋白"
岐阜県,2105,飛騨,心血管,48.03464048095125,4,"LDL, 中性脂肪, 収縮期血圧, 心電図"
岐阜県,2105,飛騨,糖尿病,35.599245396727795,2,"HbA1c, 空腹時血糖"
岡山県,3301,県南東部,CKD,49.537670614496065,2,"eGFR, 尿蛋白"
岡山県,3301,県南東部,心血管,51.65109997838976,4,"LDL, 中性脂肪, 収縮期血圧, 心電図"
岡山県,3301,県南東部,糖尿病,45.164940618675004,2,"HbA1c, 空腹時血糖"
岡山県,3302,県南西部,CKD,46.0710548330256,2,"eGFR, 尿蛋白"
岡山県,3302,県南西部,心血管,50.53384602711477,4,"LDL, 中性脂肪, 収縮期血圧, 心電図"
岡山県,3302,県南西部,糖尿病,48.95223340509967,2,"HbA1c, 空腹時血糖"
岡山県,3303,高梁・新見,CKD,48.92530396408689,2,"eGFR, 尿蛋白"
岡山県,3303,高梁・新見,心血管,52.19907401986474,4,"LDL, 中性脂肪, 収縮期血圧, 心電図"
岡山県,3303,高梁・新見,糖尿病,64.72825365537707,2,"HbA1c, 空腹時血糖"
岡山県,3304,真庭,CKD,49.55293527281704,2,"eGFR, 尿蛋白"
岡山県,3304,真庭,心血管,49.423387176449594,4,"LDL, 中性脂肪, 収縮期血圧, 心電図"
岡山県,3304,真庭,糖尿病,57.798084799144576,2,"HbA1c, 空腹時血糖"
岡山県,3305,津山・英田,CKD,48.36842401510545,2,"eGFR, 尿蛋白"
岡山県,3305,津山・英田,心血管,49.92051763020428,4,"LDL, 中性脂肪, 収縮期血圧, 心電図"
岡山県,3305,津山・英田,糖尿病,55.83924072995087,2,"HbA1c, 空腹時血糖"
岩手県,301,盛岡,CKD,52.47911087345429,2,"eGFR, 尿蛋白"
岩手県,301,盛岡,心血管,48.93048201401725,4,"LDL, 中性脂肪, 収縮期血圧, 心電図"
岩手県,301,盛岡,糖尿病,49.69608840717389,2,"HbA1c, 空腹時血糖"
岩手県,302,岩手中部,CKD,44.41550666983279,2,"eGFR, 尿蛋白"
岩手県,302,岩手中部,心血管,55.980801365182025,4,"LDL, 中性脂肪, 収縮期血圧, 心電図"
岩手県,302,岩手中部,糖尿病,44.902933514401965,2,"HbA1c, 空腹時血糖"
岩手県,303,胆江,CKD,49.07035418277566,2,"eGFR, 尿蛋白"
岩手県,303,胆江,心血管,50.417205220094246,4,"LDL, 中性脂肪, 収縮期血圧, 心電図"
岩手県,303,胆江,糖尿病,49.700724331344134,2,"HbA1c, 空腹時血糖"
岩手県,304,両磐,CKD,42.464000709458574,2,"eGFR, 尿蛋白"
岩手県,304,両磐,心血管,53.60276193018123,4,"LDL, 中性脂肪, 収縮期血圧, 心電図"
岩手県,304,両磐,糖尿病,50.951726441442375,2,"HbA1c, 空腹時血糖"
岩手県,305,気仙,CKD,42.47342445760765,2,"eGFR, 尿蛋白"
岩手県,305,気仙,心血管,65.87422522310575,4,"LDL, 中性脂肪, 収縮期血圧, 心電図"
岩手県,305,気仙,糖尿病,57.17338204346848,2,"HbA1c, 空腹時血糖"
岩手県,306,釜石,CKD,49.69980426112255,2,"eGFR, 尿蛋白"
岩手県,306,釜石,心血管,60.75127308010087,4,"LDL, 中性脂肪, 収縮期血圧, 心電図"
岩手県,306,釜石,糖尿病,60.521927556373626,2,"HbA1c, 空腹時血糖"
岩手県,307,宮古,CKD,46.95889903978449,2,"eGFR, 尿蛋白"
岩手県,307,宮古,心血管,57.199935443973914,4,"LDL, 中性脂肪, 収縮期血圧, 心電図"
岩手県,307,宮古,糖尿病,56.94370736532791,2,"HbA1c, 空腹時血糖"
岩手県,308,久慈,CKD,45.0350630518793,2,"eGFR, 尿蛋白"
岩手県,308,久慈,心血管,51.523788607148354,4,"LDL, 中性脂肪, 収縮期血圧, 心電図"
岩手県,308,久慈,糖尿病,62.336177711431,2,"HbA1c, 空腹時血糖"
岩手県,309,二戸,CKD,45.07897385361384,2,"eGFR, 尿蛋白"
岩手県,309,二戸,心血管,52.948867327984985,4,"LDL, 中性脂肪, 収縮期血圧, 心電図"
岩手県,309,二戸,糖尿病,70.01235970695129,2,"HbA1c, 空腹時血糖"
島根県,3201,松江,CKD,51.85920429311554,2,"eGFR, 尿蛋白"
島根県,3201,松江,心血管,48.928106877419914,4,"LDL, 中性脂肪, 収縮期血圧, 心電図"
島根県,3201,松江,糖尿病,46.61612540335305,2,"HbA1c, 空腹時血糖"
島根県,3202,雲南,CKD,53.551442803568435,2,"eGFR, 尿蛋白"
島根県,3202,雲南,心血管,51.43416629835811,4,"LDL, 中性脂肪, 収縮期血圧, 心電図"
島根県,3202,雲南,糖尿病,47.10398275518571,2,"HbA1c, 空腹時血糖"
島根県,3203,出雲,CKD,53.509968582940886,2,"eGFR, 尿蛋白"
島根県,3203,出雲,心血管,50.12273567776348,4,"LDL, 中性脂肪, 収縮期血圧, 心電図"
島根県,3203,出雲,糖尿病,44.25038600300931,2,"HbA1c, 空腹時血糖"
島根県,3204,大田,CKD,54.03756792271089,2,"eGFR, 尿蛋白"
島根県,3204,大田,心血管,48.43241477694781,4,"LDL, 中性脂肪, 収縮期血圧, 心電図"
島根県,3204,大田,糖尿病,59.51974438281974,2,"HbA1c, 空腹時血糖"
島根県,3205,浜田,CKD,55.4402340827399,2,"eGFR, 尿蛋白"
島根県,3205,浜田,心血管,45.35390587161539,4,"LDL, 中性脂肪, 収縮期血圧, 心電図"
島根県,3205,浜田,糖尿病,55.460283529747315,2,"HbA1c, 空腹時血糖"
島根県,3206,益田,CKD,37.64853801409741,2,"eGFR, 尿蛋白"
島根県,3206,益田,心血管,49.99331354599307,4,"LDL, 中性脂肪, 収縮期血圧, 心電図"
島根県,3206,益田,糖尿病,60.42912417033783,2,"HbA1c, 空腹時血糖"
島根県,3207,隠岐,CKD,38.06319325502071,2,"eGFR, 尿蛋白"
島根県,3207,隠岐,心血管,54.55564195308344,4,"LDL, 中性脂肪, 収縮期血圧, 心電図"
島根県,3207,隠岐,糖尿病,57.424138428749785,2,"HbA1c, 空腹時血糖"
広島県,3401,広島,CKD,47.98465126751155,2,"eGFR, 尿蛋白"
広島県,3401,広島,心血管,51.542802442498186,4,"LDL, 中性脂肪, 収縮期血圧, 心電図"
広島県,3401,広島,糖尿病,44.064641993202756,2,"HbA1c, 空腹時血糖"
広島県,3402,広島西,CKD,47.49332274687576,2,"eGFR, 尿蛋白"
広島県,3402,広島西,心血管,54.24703927407455,4,"LDL, 中性脂肪, 収縮期血圧, 心電図"
広島県,3402,広島西,糖尿病,44.65717429512594,2,"HbA1c, 空腹時血糖"
広島県,3403,呉,CKD,52.18165918553504,2,"eGFR, 尿蛋白"
広島県,3403,呉,心血管,55.0866286073263,4,"LDL, 中性脂肪, 収縮期血圧, 心電図"
広島県,3403,呉,糖尿病,48.883927155892366,2,"HbA1c, 空腹時血糖"
広島県,3404,広島中央,CKD,47.35519905455723,2,"eGFR, 尿蛋白"
広島県,3404,広島中央,心血管,53.939595889322874,4,"LDL, 中性脂肪, 収縮期血圧, 心電図"
広島県,3404,広島中央,糖尿病,43.14656343587977,2,"HbA1c, 空腹時血糖"
広島県,3405,尾三,CKD,49.118319619259225,2,"eGFR, 尿蛋白"
広島県,3405,尾三,心血管,49.83639124441332,4,"LDL, 中性脂肪, 収縮期血圧, 心電図"
広島県,3405,尾三,糖尿病,51.56064425581728,2,"HbA1c, 空腹時血糖"
広島県,3406,福山・府中,CKD,47.55928361659595,2,"eGFR, 尿蛋白"
広島県,3406,福山・府中,心血管,53.22227141996005,4,"LDL, 中性脂肪, 収縮期血圧, 心電図"
広島県,3406,福山・府中,糖尿病,47.89038177776476,2,"HbA1c, 空腹時血糖"
広島県,3407,備北,CKD,47.818648631820466,2,"eGFR, 尿蛋白"
広島県,3407,備北,心血管,45.787171077695334,4,"LDL, 中性脂肪, 収縮期血圧, 心電図"
広島県,3407,備北,糖尿病,65.34633401131633,2,"HbA1c, 空腹時血糖"
徳島県,3601,東部,CKD,65.22595181141487,2,"eGFR, 尿蛋白"
徳島県,3601,東部,心血管,48.17405199378703,4,"LDL, 中性脂肪, 収縮期血圧, 心電図"
徳島県,3601,東部,糖尿病,44.368469252881525,2,"HbA1c, 空腹時血糖"
徳島県,3603,南部,CKD,56.923329640783344,2,"eGFR, 尿蛋白"
徳島県,3603,南部,心血管,52.47379047517411,4,"LDL, 中性脂肪, 収縮期血圧, 心電図"
徳島県,3603,南部,糖尿病,46.70503919901421,2,"HbA1c, 空腹時血糖"
徳島県,3605,西部,CKD,63.749437963936685,2,"eGFR, 尿蛋白"
徳島県,3605,西部,心血管,52.07749621362124,4,"LDL, 中性脂肪, 収縮期血圧, 心電図"
徳島県,3605,西部,糖尿病,57.70080525984159,2,"HbA1c, 空腹時血糖"
愛媛県,3801,宇摩,CKD,54.31686149278043,2,"eGFR, 尿蛋白"
愛媛県,3801,宇摩,心血管,54.04712243686959,4,"LDL, 中性脂肪, 収縮期血圧, 心電図"
愛媛県,3801,宇摩,糖尿病,50.764282512386536,2,"HbA1c, 空腹時血糖"
愛媛県,3802,新居浜・西条,CKD,59.5545782165933,2,"eGFR, 尿蛋白"
愛媛県,3802,新居浜・西条,心血管,54.88597803499884,4,"LDL, 中性脂肪, 収縮期血圧, 心電図"
愛媛県,3802,新居浜・西条,糖尿病,48.57367118131893,2,"HbA1c, 空腹時血糖"
愛媛県,3803,今治,CKD,58.3787891107352,2,"eGFR, 尿蛋白"
愛媛県,3803,今治,心血管,61.66562778376533,4,"LDL, 中性脂肪, 収縮期血圧, 心電図"
愛媛県,3803,今治,糖尿病,48.27088623838006,2,"HbA1c, 空腹時血糖"
愛媛県,3804,松山,CKD,54.31538169563109,2,"eGFR, 尿蛋白"
愛媛県,3804,松山,心血管,49.468388529576025,4,"LDL, 中性脂肪, 収縮期血圧, 心電図"
愛媛県,3804,松山,糖尿病,41.691595426786506,2,"HbA1c, 空腹時血糖"
愛媛県,3805,八幡浜・大洲,CKD,48.59823840438119,2,"eGFR, 尿蛋白"
愛媛県,3805,八幡浜・大洲,心血管,52.00563773880818,4,"LDL, 中性脂肪, 収縮期血圧, 心電図"
愛媛県,3805,八幡浜・大洲,糖尿病,49.82473148222344,2,"HbA1c, 空腹時血糖"
愛媛県,3806,宇和島,CKD,54.162193810106245,2,"eGFR, 尿蛋白"
愛媛県,3806,宇和島,心血管,56.695247220071685,4,"LDL, 中性脂肪, 収縮期血圧, 心電図"
愛媛県,3806,宇和島,糖尿病,52.086796168685055,2,"HbA1c, 空腹時血糖"
愛知県,2302,海部,CKD,56.9907738676737,2,"eGFR, 尿蛋白"
愛知県,2302,海部,心血管,54.80285500034272,4,"LDL, 中性脂肪, 収縮期血圧, 心電図"
愛知県,2302,海部,糖尿病,47.624265381583996,2,"HbA1c, 空腹時血糖"
愛知県,2304,尾張東部,CKD,48.196831090178314,2,"eGFR, 尿蛋白"
愛知県,2304,尾張東部,心血管,49.775807540221656,4,"LDL, 中性脂肪, 収縮期血圧, 心電図"
愛知県,2304,尾張東部,糖尿病,36.255598368984465,2,"HbA1c, 空腹時血糖"
愛知県,2305,尾張西部,CKD,58.610982525502436,2,"eGFR, 尿蛋白"
愛知県,2305,尾張西部,心血管,49.749306791153884,4,"LDL, 中性脂肪, 収縮期血圧, 心電図"
愛知県,2305,尾張西部,糖尿病,44.604745465593986,2,"HbA1c, 空腹時血糖"
愛知県,2306,尾張北部,CKD,52.66749199641885,2,"eGFR, 尿蛋白"
愛知県,2306,尾張北部,心血管,51.170944945030485,4,"LDL, 中性脂肪, 収縮期血圧, 心電図"
愛知県,2306,尾張北部,糖尿病,40.91313587406111,2,"HbA1c, 空腹時血糖"
愛知県,2307,知多半島,CKD,54.24299406115808,2,"eGFR, 尿蛋白"
愛知県,2307,知多半島,心血管,50.83399996797202,4,"LDL, 中性脂肪, 収縮期血圧, 心電図"
愛知県,2307,知多半島,糖尿病,48.358161386869156,2,"HbA1c, 空腹時血糖"
愛知県,2308,西三河北部,CKD,46.26207491564897,2,"eGFR, 尿蛋白"
愛知県,2308,西三河北部,心血管,46.91580410534385,4,"LDL, 中性脂肪, 収縮期血圧, 心電図"
愛知県,2308,西三河北部,糖尿病,44.27803415160696,2,"HbA1c, 空腹時血糖"
愛知県,2309,西三河南部西,CKD,48.582802029759875,2,"eGFR, 尿蛋白"
愛知県,2309,西三河南部西,心血管,50.090866868104506,4,"LDL, 中性脂肪, 収縮期血圧, 心電図"
愛知県,2309,西三河南部西,糖尿病,48.988806999338294,2,"HbA1c, 空腹時血糖"
愛知県,2310,西三河南部東,CKD,47.22715755128319,2,"eGFR, 尿蛋白"
愛知県,2310,西三河南部東,心血管,49.17980530308918,4,"LDL, 中性脂肪, 収縮期血圧, 心電図"
愛知県,2310,西三河南部東,糖尿病,48.11776109830258,2,"HbA1c, 空腹時血糖"
愛知県,2311,東三河北部,CKD,48.79540258458007,2,"eGFR, 尿蛋白"
愛知県,2311,東三河北部,心血管,53.688412978699816,4,"LDL, 中性脂肪, 収縮期血圧, 心電図"
愛知県,2311,東三河北部,糖尿病,60.17278603612131,2,"HbA1c, 空腹時血糖"
愛知県,2312,東三河南部,CKD,51.12749454179415,2,"eGFR, 尿蛋白"
愛知県,2312,東三河南部,心血管,51.95150461540004,4,"LDL, 中性脂肪, 収縮期血圧, 心電図"
愛知県,2312,東三河南部,糖尿病,46.382932888872794,2,"HbA1c, 空腹時血糖"
愛知県,2313,名古屋・尾張中部,CKD,52.312461000609865,2,"eGFR, 尿蛋白"
愛知県,2313,名古屋・尾張中部,心血管,48.755799569480146,4,"LDL, 中性脂肪, 収縮期血圧, 心電図"
愛知県,2313,名古屋・尾張中部,糖尿病,38.90248712441333,2,"HbA1c, 空腹時血糖"
新潟県,1501,下越,CKD,47.13858579537407,2,"eGFR, 尿蛋白"
新潟県,1501,下越,心血管,47.42116597898428,4,"LDL, 中性脂肪, 収縮期血圧, 心電図"
新潟県,1501,下越,糖尿病,51.026369503245014,2,"HbA1c, 空腹時血糖"
新潟県,1502,新潟,CKD,48.92599096703864,2,"eGFR, 尿蛋白"
新潟県,1502,新潟,心血管,47.032641930675595,4,"LDL, 中性脂肪, 収縮期血圧, 心電図"
新潟県,1502,新潟,糖尿病,44.17863438402991,2,"HbA1c, 空腹時血糖"
新潟県,1503,県央,CKD,49.915252560244944,2,"eGFR, 尿蛋白"
新潟県,1503,県央,心血管,51.23299017841531,4,"LDL, 中性脂肪, 収縮期血圧, 心電図"
新潟県,1503,県央,糖尿病,46.302963709552884,2,"HbA1c, 空腹時血糖"
新潟県,1504,中越,CKD,49.383378934660854,2,"eGFR, 尿蛋白"
新潟県,1504,中越,心血管,51.51568959886537,4,"LDL, 中性脂肪, 収縮期血圧, 心電図"
新潟県,1504,中越,糖尿病,47.4877738395808,2,"HbA1c, 空腹時血糖"
新潟県,1505,魚沼,CKD,61.95951088818781,2,"eGFR, 尿蛋白"
新潟県,1505,魚沼,心血管,56.776046146488525,4,"LDL, 中性脂肪, 収縮期血圧, 心電図"
新潟県,1505,魚沼,糖尿病,45.666874573933335,2,"HbA1c, 空腹時血糖"
新潟県,1506,上越,CKD,47.31800408467575,2,"eGFR, 尿蛋白"
新潟県,1506,上越,心血管,36.85327139206381,4,"LDL, 中性脂肪, 収縮期血圧, 心電図"
新潟県,1506,上越,糖尿病,36.20538761743174,2,"HbA1c, 空腹時血糖"
新潟県,1507,佐渡,CKD,87.4606343847942,2,"eGFR, 尿蛋白"
新潟県,1507,佐渡,心血管,59.109701255841685,4,"LDL, 中性脂肪, 収縮期血圧, 心電図"
新潟県,1507,佐渡,糖尿病,63.95306394884683,2,"HbA1c, 空腹時血糖"
東京都,1301,区中央部,CKD,45.83799274167018,2,"eGFR, 尿蛋白"
東京都,1301,区中央部,心血管,40.67689483375803,4,"LDL, 中性脂肪, 収縮期血圧, 心電図"
東京都,1301,区中央部,糖尿病,30.28728178126201,2,"HbA1c, 空腹時血糖"
東京都,1302,区南部,CKD,48.649026620062514,2,"eGFR, 尿蛋白"
東京都,1302,区南部,心血管,37.46086291167857,4,"LDL, 中性脂肪, 収縮期血圧, 心電図"
東京都,1302,区南部,糖尿病,34.80316710181088,2,"HbA1c, 空腹時血糖"
東京都,1303,区西南部,CKD,45.92208663302638,2,"eGFR, 尿蛋白"
東京都,1303,区西南部,心血管,40.79955067114323,4,"LDL, 中性脂肪, 収縮期血圧, 心電図"
東京都,1303,区西南部,糖尿病,22.808012666182048,2,"HbA1c, 空腹時血糖"
東京都,1304,区西部,CKD,48.31142787182897,2,"eGFR, 尿蛋白"
東京都,1304,区西部,心血管,41.17538049229781,4,"LDL, 中性脂肪, 収縮期血圧, 心電図"
東京都,1304,区西部,糖尿病,29.168979145224945,2,"HbA1c, 空腹時血糖"
東京都,1305,区西北部,CKD,50.234962745179125,2,"eGFR, 尿蛋白"
東京都,1305,区西北部,心血管,43.82487408475518,4,"LDL, 中性脂肪, 収縮期血圧, 心電図"
東京都,1305,区西北部,糖尿病,36.070367869335826,2,"HbA1c, 空腹時血糖"
東京都,1306,区東北部,CKD,52.14148495190061,2,"eGFR, 尿蛋白"
東京都,1306,区東北部,心血管,47.49811986367351,4,"LDL, 中性脂肪, 収縮期血圧, 心電図"
東京都,1306,区東北部,糖尿病,46.49232719079224,2,"HbA1c, 空腹時血糖"
東京都,1307,区東部,CKD,49.51574536349558,2,"eGFR, 尿蛋白"
東京都,1307,区東部,心血管,44.04616037429852,4,"LDL, 中性脂肪, 収縮期血圧, 心電図"
東京都,1307,区東部,糖尿病,40.383228239588874,2,"HbA1c, 空腹時血糖"
東京都,1308,西多摩,CKD,27.254230525404804,2,"eGFR, 尿蛋白"
東京都,1308,西多摩,心血管,47.625426470779644,4,"LDL, 中性脂肪, 収縮期血圧, 心電図"
東京都,1308,西多摩,糖尿病,42.92231137831945,2,"HbA1c, 空腹時血糖"
東京都,1309,南多摩,CKD,51.969676060918715,2,"eGFR, 尿蛋白"
東京都,1309,南多摩,心血管,44.718592063122976,4,"LDL, 中性脂肪, 収縮期血圧, 心電図"
東京都,1309,南多摩,糖尿病,38.281736048472325,2,"HbA1c, 空腹時血糖"
東京都,1310,北多摩西部,CKD,52.40413569572935,2,"eGFR, 尿蛋白"
東京都,1310,北多摩西部,心血管,44.937767761980055,4,"LDL, 中性脂肪, 収縮期血圧, 心電図"
東京都,1310,北多摩西部,糖尿病,38.42587598683848,2,"HbA1c, 空腹時血糖"
東京都,1311,北多摩南部,CKD,48.6473336054751,2,"eGFR, 尿蛋白"
東京都,1311,北多摩南部,心血管,40.4035091783274,4,"LDL, 中性脂肪, 収縮期血圧, 心電図"
東京都,1311,北多摩南部,糖尿病,29.58944487123445,2,"HbA1c, 空腹時血糖"
東京都,1312,北多摩北部,CKD,52.11705302677046,2,"eGFR, 尿蛋白"
東京都,1312,北多摩北部,心血管,42.334667514467924,4,"LDL, 中性脂肪, 収縮期血圧, 心電図"
東京都,1312,北多摩北部,糖尿病,35.592806317054716,2,"HbA1c, 空腹時血糖"
東京都,1313,島しょ,CKD,25.980778771105623,2,"eGFR, 尿蛋白"
東京都,1313,島しょ,心血管,54.57175633376767,4,"LDL, 中性脂肪, 収縮期血圧, 心電図"
東京都,1313,島しょ,糖尿病,53.14299556524874,2,"HbA1c, 空腹時血糖"
栃木県,901,県北,CKD,45.74336114674796,2,"eGFR, 尿蛋白"
栃木県,901,県北,心血管,48.92634626378351,4,"LDL, 中性脂肪, 収縮期血圧, 心電図"
栃木県,901,県北,糖尿病,52.21023057933651,2,"HbA1c, 空腹時血糖"
栃木県,902,県西,CKD,48.64296324315447,2,"eGFR, 尿蛋白"
栃木県,902,県西,心血管,41.013913993103884,4,"LDL, 中性脂肪, 収縮期血圧, 心電図"
栃木県,902,県西,糖尿病,50.11904547529868,2,"HbA1c, 空腹時血糖"
栃木県,903,宇都宮,CKD,41.79883507834358,2,"eGFR, 尿蛋白"
栃木県,903,宇都宮,心血管,44.27387129574648,4,"LDL, 中性脂肪, 収縮期血圧, 心電図"
栃木県,903,宇都宮,糖尿病,41.96683708510494,2,"HbA1c, 空腹時血糖"
栃木県,904,県東,CKD,41.85255198474823,2,"eGFR, 尿蛋白"
栃木県,904,県東,心血管,40.042876365685416,4,"LDL, 中性脂肪, 収縮期血圧, 心電図"
栃木県,904,県東,糖尿病,59.535816846841044,2,"HbA1c, 空腹時血糖"
栃木県,905,県南,CKD,46.384010124235466,2,"eGFR, 尿蛋白"
栃木県,905,県南,心血管,43.909080636290525,4,"LDL, 中性脂肪, 収縮期血圧, 心電図"
栃木県,905,県南,糖尿病,50.83103521825413,2,"HbA1c, 空腹時血糖"
栃木県,906,両毛,CKD,49.70363280243696,2,"eGFR, 尿蛋白"
栃木県,906,両毛,心血管,54.76598316069697,4,"LDL, 中性脂肪, 収縮期血圧, 心電図"
栃木県,906,両毛,糖尿病,50.56042554925246,2,"HbA1c, 空腹時血糖"
沖縄県,4701,北部,CKD,52.970846611657166,2,"eGFR, 尿蛋白"
沖縄県,4701,北部,心血管,66.12917793470893,4,"LDL, 中性脂肪, 収縮期血圧, 心電図"
沖縄県,4701,北部,糖尿病,62.971759940445146,2,"HbA1c, 空腹時血糖"
沖縄県,4702,中部,CKD,48.61191225534418,2,"eGFR, 尿蛋白"
沖縄県,4702,中部,心血管,54.85453454491324,4,"LDL, 中性脂肪, 収縮期血圧, 心電図"
沖縄県,4702,中部,糖尿病,56.34637899740096,2,"HbA1c, 空腹時血糖"
沖縄県,4703,南部,CKD,49.97779075023318,2,"eGFR, 尿蛋白"
沖縄県,4703,南部,心血管,48.794154890182185,4,"LDL, 中性脂肪, 収縮期血圧, 心電図"
沖縄県,4703,南部,糖尿病,51.97402649532256,2,"HbA1c, 空腹時血糖"
沖縄県,4704,宮古,CKD,83.22253107598522,2,"eGFR, 尿蛋白"
沖縄県,4704,宮古,心血管,57.38285672365065,4,"LDL, 中性脂肪, 収縮期血圧, 心電図"
沖縄県,4704,宮古,糖尿病,66.15743686537682,2,"HbA1c, 空腹時血糖"
沖縄県,4705,八重山,CKD,69.66080075665899,2,"eGFR, 尿蛋白"
沖縄県,4705,八重山,心血管,52.140741240765735,4,"LDL, 中性脂肪, 収縮期血圧, 心電図"
沖縄県,4705,八重山,糖尿病,65.24700234690289,2,"HbA1c, 空腹時血糖"
滋賀県,2501,大津,CKD,47.01884838849951,2,"eGFR, 尿蛋白"
滋賀県,2501,大津,心血管,44.17230869626266,4,"LDL, 中性脂肪, 収縮期血圧, 心電図"
滋賀県,2501,大津,糖尿病,35.344202687743945,2,"HbA1c, 空腹時血糖"
滋賀県,2502,湖南,CKD,46.62799659589166,2,"eGFR, 尿蛋白"
滋賀県,2502,湖南,心血管,43.022382223336464,4,"LDL, 中性脂肪, 収縮期血圧, 心電図"
滋賀県,2502,湖南,糖尿病,34.21666673670558,2,"HbA1c, 空腹時血糖"
滋賀県,2503,甲賀,CKD,45.432002262768,2,"eGFR, 尿蛋白"
滋賀県,2503,甲賀,心血管,47.73934680330189,4,"LDL, 中性脂肪, 収縮期血圧, 心電図"
滋賀県,2503,甲賀,糖尿病,45.05456903627638,2,"HbA1c, 空腹時血糖"
滋賀県,2504,東近江,CKD,43.541042164726235,2,"eGFR, 尿蛋白"
滋賀県,2504,東近江,心血管,45.01721830994907,4,"LDL, 中性脂肪, 収縮期血圧, 心電図"
滋賀県,2504,東近江,糖尿病,38.43685417169413,2,"HbA1c, 空腹時血糖"
滋賀県,2505,湖東,CKD,45.04398294758214,2,"eGFR, 尿蛋白"
滋賀県,2505,湖東,心血管,48.186182495655,4,"LDL, 中性脂肪, 収縮期血圧, 心電図"
滋賀県,2505,湖東,糖尿病,40.118108692265004,2,"HbA1c, 空腹時血糖"
滋賀県,2506,湖北,CKD,41.67383206034491,2,"eGFR, 尿蛋白"
滋賀県,2506,湖北,心血管,47.366014113553064,4,"LDL, 中性脂肪, 収縮期血圧, 心電図"
滋賀県,2506,湖北,糖尿病,34.610332384340936,2,"HbA1c, 空腹時血糖"
滋賀県,2507,湖西,CKD,46.3660288336504,2,"eGFR, 尿蛋白"
滋賀県,2507,湖西,心血管,53.680273917667336,4,"LDL, 中性脂肪, 収縮期血圧, 心電図"
滋賀県,2507,湖西,糖尿病,45.83944593311459,2,"HbA1c, 空腹時血糖"
熊本県,4302,宇城,CKD,49.9125390457821,2,"eGFR, 尿蛋白"
熊本県,4302,宇城,心血管,50.95577987543891,4,"LDL, 中性脂肪, 収縮期血圧, 心電図"
熊本県,4302,宇城,糖尿病,66.62719883009052,2,"HbA1c, 空腹時血糖"
熊本県,4303,有明,CKD,47.706531974025864,2,"eGFR, 尿蛋白"
熊本県,4303,有明,心血管,49.881746906868145,4,"LDL, 中性脂肪, 収縮期血圧, 心電図"
熊本県,4303,有明,糖尿病,61.842651689492655,2,"HbA1c, 空腹時血糖"
熊本県,4304,鹿本,CKD,49.09693544929212,2,"eGFR, 尿蛋白"
熊本県,4304,鹿本,心血管,48.59672985846798,4,"LDL, 中性脂肪, 収縮期血圧, 心電図"
熊本県,4304,鹿本,糖尿病,59.9882059928463,2,"HbA1c, 空腹時血糖"
熊本県,4305,菊池,CKD,44.53958305897032,2,"eGFR, 尿蛋白"
熊本県,4305,菊池,心血管,50.20180650508807,4,"LDL, 中性脂肪, 収縮期血圧, 心電図"
熊本県,4305,菊池,糖尿病,52.12785343107565,2,"HbA1c, 空腹時血糖"
熊本県,4306,阿蘇,CKD,45.112578641233085,2,"eGFR, 尿蛋白"
熊本県,4306,阿蘇,心血管,46.43197026883514,4,"LDL, 中性脂肪, 収縮期血圧, 心電図"
熊本県,4306,阿蘇,糖尿病,64.48207276435791,2,"HbA1c, 空腹時血糖"
熊本県,4308,八代,CKD,47.19050515376063,2,"eGFR, 尿蛋白"
熊本県,4308,八代,心血管,47.522057726837176,4,"LDL, 中性脂肪, 収縮期血圧, 心電図"
熊本県,4308,八代,糖尿病,57.401396206332606,2,"HbA1c, 空腹時血糖"
熊本県,4309,芦北,CKD,54.43349706685014,2,"eGFR, 尿蛋白"
熊本県,4309,芦北,心血管,45.276116636651395,4,"LDL, 中性脂肪, 収縮期血圧, 心電図"
熊本県,4309,芦北,糖尿病,61.32211290284394,2,"HbA1c, 空腹時血糖"
熊本県,4310,球磨,CKD,51.030048853413994,2,"eGFR, 尿蛋白"
熊本県,4310,球磨,心血管,45.96321397366141,4,"LDL, 中性脂肪, 収縮期血圧, 心電図"
熊本県,4310,球磨,糖尿病,69.98916354812476,2,"HbA1c, 空腹時血糖"
熊本県,4311,天草,CKD,49.50155398552944,2,"eGFR, 尿蛋白"
熊本県,4311,天草,心血管,51.760734735263206,4,"LDL, 中性脂肪, 収縮期血圧, 心電図"
熊本県,4311,天草,糖尿病,66.98656511601165,2,"HbA1c, 空腹時血糖"
熊本県,4312,熊本・上益城,CKD,50.437388281376315,2,"eGFR, 尿蛋白"
熊本県,4312,熊本・上益城,心血管,46.15154588619817,4,"LDL, 中性脂肪, 収縮期血圧, 心電図"
熊本県,4312,熊本・上益城,糖尿病,51.568316030185834,2,"HbA1c, 空腹時血糖"
石川県,1701,南加賀,CKD,55.815467937767025,2,"eGFR, 尿蛋白"
石川県,1701,南加賀,心血管,46.106375386300634,4,"LDL, 中性脂肪, 収縮期血圧, 心電図"
石川県,1701,南加賀,糖尿病,47.24369758510136,2,"HbA1c, 空腹時血糖"
石川県,1702,石川中央,CKD,58.260340092699266,2,"eGFR, 尿蛋白"
石川県,1702,石川中央,心血管,46.399914466115895,4,"LDL, 中性脂肪, 収縮期血圧, 心電図"
石川県,1702,石川中央,糖尿病,43.140301615006784,2,"HbA1c, 空腹時血糖"
石川県,1703,能登中部,CKD,54.97265739060997,2,"eGFR, 尿蛋白"
石川県,1703,能登中部,心血管,50.12831811510578,4,"LDL, 中性脂肪, 収縮期血圧, 心電図"
石川県,1703,能登中部,糖尿病,55.31303358870664,2,"HbA1c, 空腹時血糖"
石川県,1704,能登北部,CKD,56.591147350097074,2,"eGFR, 尿蛋白"
石川県,1704,能登北部,心血管,60.71105533432883,4,"LDL, 中性脂肪, 収縮期血圧, 心電図"
石川県,1704,能登北部,糖尿病,65.31092042226716,2,"HbA1c, 空腹時血糖"
神奈川県,1404,川崎北部,CKD,47.01583703004495,2,"eGFR, 尿蛋白"
神奈川県,1404,川崎北部,心血管,41.627521926632376,4,"LDL, 中性脂肪, 収縮期血圧, 心電図"
神奈川県,1404,川崎北部,糖尿病,29.918189293403216,2,"HbA1c, 空腹時血糖"
神奈川県,1405,川崎南部,CKD,46.08317858154548,2,"eGFR, 尿蛋白"
神奈川県,1405,川崎南部,心血管,43.501784774065385,4,"LDL, 中性脂肪, 収縮期血圧, 心電図"
神奈川県,1405,川崎南部,糖尿病,38.704236303651356,2,"HbA1c, 空腹時血糖"
神奈川県,1406,横須賀・三浦,CKD,49.60208370112331,2,"eGFR, 尿蛋白"
神奈川県,1406,横須賀・三浦,心血管,47.089741432055696,4,"LDL, 中性脂肪, 収縮期血圧, 心電図"
神奈川県,1406,横須賀・三浦,糖尿病,39.63361980423659,2,"HbA1c, 空腹時血糖"
神奈川県,1407,湘南東部,CKD,49.92766344008813,2,"eGFR, 尿蛋白"
神奈川県,1407,湘南東部,心血管,45.255980527146946,4,"LDL, 中性脂肪, 収縮期血圧, 心電図"
神奈川県,1407,湘南東部,糖尿病,31.496257339183366,2,"HbA1c, 空腹時血糖"
神奈川県,1408,湘南西部,CKD,52.18297045994849,2,"eGFR, 尿蛋白"
神奈川県,1408,湘南西部,心血管,46.465875795960635,4,"LDL, 中性脂肪, 収縮期血圧, 心電図"
神奈川県,1408,湘南西部,糖尿病,40.16600765239522,2,"HbA1c, 空腹時血糖"
神奈川県,1409,県央,CKD,50.96744032466101,2,"eGFR, 尿蛋白"
神奈川県,1409,県央,心血管,48.8062131596276,4,"LDL, 中性脂肪, 収縮期血圧, 心電図"
神奈川県,1409,県央,糖尿病,43.60101228764202,2,"HbA1c, 空腹時血糖"
神奈川県,1410,相模原,CKD,51.286775641442915,2,"eGFR, 尿蛋白"
神奈川県,1410,相模原,心血管,46.7281504797422,4,"LDL, 中性脂肪, 収縮期血圧, 心電図"
神奈川県,1410,相模原,糖尿病,42.64199420476132,2,"HbA1c, 空腹時血糖"
神奈川県,1411,県西,CKD,52.47242468095061,2,"eGFR, 尿蛋白"
神奈川県,1411,県西,心血管,47.49381007490727,4,"LDL, 中性脂肪, 収縮期血圧, 心電図"
神奈川県,1411,県西,糖尿病,44.75251214761516,2,"HbA1c, 空腹時血糖"
神奈川県,1412,横浜,CKD,50.21527032885541,2,"eGFR, 尿蛋白"
神奈川県,1412,横浜,心血管,43.7739804228775,4,"LDL, 中性脂肪, 収縮期血圧, 心電図"
神奈川県,1412,横浜,糖尿病,35.04718048934888,2,"HbA1c, 空腹時血糖"
福井県,1801,福井・坂井,CKD,49.519775869529724,2,"eGFR, 尿蛋白"
福井県,1801,福井・坂井,心血管,50.52103840386812,4,"LDL, 中性脂肪, 収縮期血圧, 心電図"
福井県,1801,福井・坂井,糖尿病,42.88224487565033,2,"HbA1c, 空腹時血糖"
福井県,1802,奥越,CKD,54.58482530276544,2,"eGFR, 尿蛋白"
福井県,1802,奥越,心血管,46.64195874462867,4,"LDL, 中性脂肪, 収縮期血圧, 心電図"
福井県,1802,奥越,糖尿病,53.20527343088232,2,"HbA1c, 空腹時血糖"
福井県,1803,丹南,CKD,49.46779317085342,2,"eGFR, 尿蛋白"
福井県,1803,丹南,心血管,51.65415231135877,4,"LDL, 中性脂肪, 収縮期血圧, 心電図"
福井県,1803,丹南,糖尿病,44.65856702112369,2,"HbA1c, 空腹時血糖"
福井県,1804,嶺南,CKD,53.763671085581734,2,"eGFR, 尿蛋白"
福井県,1804,嶺南,心血管,48.357895213467785,4,"LDL, 中性脂肪, 収縮期血圧, 心電図"
福井県,1804,嶺南,糖尿病,46.32180018343099,2,"HbA1c, 空腹時血糖"
福岡県,4001,福岡・糸島,CKD,49.11657154990628,2,"eGFR, 尿蛋白"
福岡県,4001,福岡・糸島,心血管,47.59541775378432,4,"LDL, 中性脂肪, 収縮期血圧, 心電図"
福岡県,4001,福岡・糸島,糖尿病,40.131703709070976,2,"HbA1c, 空腹時血糖"
福岡県,4002,粕屋,CKD,47.75860109414893,2,"eGFR, 尿蛋白"
福岡県,4002,粕屋,心血管,48.3383624064256,4,"LDL, 中性脂肪, 収縮期血圧, 心電図"
福岡県,4002,粕屋,糖尿病,45.72634261145759,2,"HbA1c, 空腹時血糖"
福岡県,4003,宗像,CKD,43.28822008044243,2,"eGFR, 尿蛋白"
福岡県,4003,宗像,心血管,49.34841635077092,4,"LDL, 中性脂肪, 収縮期血圧, 心電図"
福岡県,4003,宗像,糖尿病,49.24395019170638,2,"HbA1c, 空腹時血糖"
福岡県,4004,筑紫,CKD,49.043972301982976,2,"eGFR, 尿蛋白"
福岡県,4004,筑紫,心血管,48.801741440686854,4,"LDL, 中性脂肪, 収縮期血圧, 心電図"
福岡県,4004,筑紫,糖尿病,43.67492171303704,2,"HbA1c, 空腹時血糖"
福岡県,4005,朝倉,CKD,47.4122682600332,2,"eGFR, 尿蛋白"
福岡県,4005,朝倉,心血管,48.5775519714313,4,"LDL, 中性脂肪, 収縮期血圧, 心電図"
福岡県,4005,朝倉,糖尿病,57.57339917741815,2,"HbA1c, 空腹時血糖"
福岡県,4006,久留米,CKD,49.10909797437223,2,"eGFR, 尿蛋白"
福岡県,4006,久留米,心血管,49.06189374706665,4,"LDL, 中性脂肪, 収縮期血圧, 心電図"
福岡県,4006,久留米,糖尿病,47.30343387140813,2,"HbA1c, 空腹時血糖"
福岡県,4007,八女・筑後,CKD,41.35667210006234,2,"eGFR, 尿蛋白"
福岡県,4007,八女・筑後,心血管,46.83057854741583,4,"LDL, 中性脂肪, 収縮期血圧, 心電図"
福岡県,4007,八女・筑後,糖尿病,47.84360090592425,2,"HbA1c, 空腹時血糖"
福岡県,4008,有明,CKD,53.20410744285161,2,"eGFR, 尿蛋白"
福岡県,4008,有明,心血管,51.014327318631246,4,"LDL, 中性脂肪, 収縮期血圧, 心電図"
福岡県,4008,有明,糖尿病,59.628810250440665,2,"HbA1c, 空腹時血糖"
福岡県,4009,飯塚,CKD,48.16723465963045,2,"eGFR, 尿蛋白"
福岡県,4009,飯塚,心血管,53.795552857329994,4,"LDL, 中性脂肪, 収縮期血圧, 心電図"
福岡県,4009,飯塚,糖尿病,52.13619889170517,2,"HbA1c, 空腹時血糖"
福岡県,4010,直方・鞍手,CKD,47.85594311398039,2,"eGFR, 尿蛋白"
福岡県,4010,直方・鞍手,心血管,53.62703015321402,4,"LDL, 中性脂肪, 収縮期血圧, 心電図"
福岡県,4010,直方・鞍手,糖尿病,65.17698023844119,2,"HbA1c, 空腹時血糖"
福岡県,4011,田川,CKD,48.88521956572788,2,"eGFR, 尿蛋白"
福岡県,4011,田川,心血管,49.24016046829591,4,"LDL, 中性脂肪, 収縮期血圧, 心電図"
福岡県,4011,田川,糖尿病,57.59574939809724,2,"HbA1c, 空腹時血糖"
福岡県,4012,北九州,CKD,52.668870857271116,2,"eGFR, 尿蛋白"
福岡県,4012,北九州,心血管,53.855640870943326,4,"LDL, 中性脂肪, 収縮期血圧, 心電図"
福岡県,4012,北九州,糖尿病,53.84796824354623,2,"HbA1c, 空腹時血糖"
福岡県,4013,京築,CKD,42.357168873462776,2,"eGFR, 尿蛋白"
福岡県,4013,京築,心血管,49.9934524926698,4,"LDL, 中性脂肪, 収縮期血圧, 心電図"
福岡県,4013,京築,糖尿病,50.70860432609004,2,"HbA1c, 空腹時血糖"
福島県,701,県北,CKD,41.301693652755915,2,"eGFR, 尿蛋白"
福島県,701,県北,心血管,46.159415556918134,4,"LDL, 中性脂肪, 収縮期血圧, 心電図"
福島県,701,県北,糖尿病,51.70031508302162,2,"HbA1c, 空腹時血糖"
福島県,702,県中,CKD,48.49812003692276,2,"eGFR, 尿蛋白"
福島県,702,県中,心血管,52.50137792814791,4,"LDL, 中性脂肪, 収縮期血圧, 心電図"
福島県,702,県中,糖尿病,49.667656050305666,2,"HbA1c, 空腹時血糖"
福島県,703,県南,CKD,40.85801562726472,2,"eGFR, 尿蛋白"
福島県,703,県南,心血管,43.48905957015564,4,"LDL, 中性脂肪, 収縮期血圧, 心電図"
福島県,703,県南,糖尿病,51.95348942710423,2,"HbA1c, 空腹時血糖"
福島県,706,相双,CKD,41.434913492550294,2,"eGFR, 尿蛋白"
福島県,706,相双,心血管,54.84606140189773,4,"LDL, 中性脂肪, 収縮期血圧, 心電図"
福島県,706,相双,糖尿病,72.99465779202072,2,"HbA1c, 空腹時血糖"
福島県,707,いわき,CKD,49.924744691566204,2,"eGFR, 尿蛋白"
福島県,707,いわき,心血管,47.79928429738931,4,"LDL, 中性脂肪, 収縮期血圧, 心電図"
福島県,707,いわき,糖尿病,56.38455601066222,2,"HbA1c, 空腹時血糖"
福島県,708,会津・南会津,CKD,42.10444133135074,2,"eGFR, 尿蛋白"
福島県,708,会津・南会津,心血管,45.314657544940204,4,"LDL, 中性脂肪, 収縮期血圧, 心電図"
福島県,708,会津・南会津,糖尿病,56.83093607582569,2,"HbA1c, 空腹時血糖"
秋田県,501,大館・鹿角,CKD,52.32923943779093,2,"eGFR, 尿蛋白"
秋田県,501,大館・鹿角,心血管,52.93756814686891,4,"LDL, 中性脂肪, 収縮期血圧, 心電図"
秋田県,501,大館・鹿角,糖尿病,54.603012155374685,2,"HbA1c, 空腹時血糖"
秋田県,502,北秋田,CKD,50.51611421704828,2,"eGFR, 尿蛋白"
秋田県,502,北秋田,心血管,52.33228142447954,4,"LDL, 中性脂肪, 収縮期血圧, 心電図"
秋田県,502,北秋田,糖尿病,49.14807999241378,2,"HbA1c, 空腹時血糖"
秋田県,503,能代・山本,CKD,50.85072649366592,2,"eGFR, 尿蛋白"
秋田県,503,能代・山本,心血管,50.266964258788775,4,"LDL, 中性脂肪, 収縮期血圧, 心電図"
秋田県,503,能代・山本,糖尿病,61.221116188973326,2,"HbA1c, 空腹時血糖"
秋田県,504,秋田周辺,CKD,48.846093634656825,2,"eGFR, 尿蛋白"
秋田県,504,秋田周辺,心血管,49.82363823166618,4,"LDL, 中性脂肪, 収縮期血圧, 心電図"
秋田県,504,秋田周辺,糖尿病,46.6738677549568,2,"HbA1c, 空腹時血糖"
秋田県,505,由利本荘・にかほ,CKD,63.57397945246797,2,"eGFR, 尿蛋白"
秋田県,505,由利本荘・にかほ,心血管,48.92195041677954,4,"LDL, 中性脂肪, 収縮期血圧, 心電図"
秋田県,505,由利本荘・にかほ,糖尿病,52.94797012085198,2,"HbA1c, 空腹時血糖"
秋田県,506,大仙・仙北,CKD,45.538595185327786,2,"eGFR, 尿蛋白"
秋田県,506,大仙・仙北,心血管,51.32623116880163,4,"LDL, 中性脂肪, 収縮期血圧, 心電図"
秋田県,506,大仙・仙北,糖尿病,58.62562111872164,2,"HbA1c, 空腹時血糖"
秋田県,507,横手,CKD,47.4850310290001,2,"eGFR, 尿蛋白"
秋田県,507,横手,心血管,48.082134266360896,4,"LDL, 中性脂肪, 収縮期血圧, 心電図"
秋田県,507,横手,糖尿病,44.559659140835485,2,"HbA1c, 空腹時血糖"
秋田県,508,湯沢・雄勝,CKD,49.40472892901228,2,"eGFR, 尿蛋白"
秋田県,508,湯沢・雄勝,心血管,52.26397055846083,4,"LDL, 中性脂肪, 収縮期血圧, 心電図"
秋田県,508,湯沢・雄勝,糖尿病,42.819899844013676,2,"HbA1c, 空腹時血糖"
群馬県,1001,前橋,CKD,57.709959199492616,2,"eGFR, 尿蛋白"
群馬県,1001,前橋,心血管,52.492512517486965,4,"LDL, 中性脂肪, 収縮期血圧, 心電図"
群馬県,1001,前橋,糖尿病,51.887537983170546,2,"HbA1c, 空腹時血糖"
群馬県,1002,渋川,CKD,55.75186209663568,2,"eGFR, 尿蛋白"
群馬県,1002,渋川,心血管,50.676282543046526,4,"LDL, 中性脂肪, 収縮期血圧, 心電図"
群馬県,1002,渋川,糖尿病,51.057892246186405,2,"HbA1c, 空腹時血糖"
群馬県,1003,伊勢崎,CKD,51.610016282628585,2,"eGFR, 尿蛋白"
群馬県,1003,伊勢崎,心血管,49.67276390458959,4,"LDL, 中性脂肪, 収縮期血圧, 心電図"
群馬県,1003,伊勢崎,糖尿病,51.565895739246365,2,"HbA1c, 空腹時血糖"
群馬県,1004,高崎・安中,CKD,60.97449871353925,2,"eGFR, 尿蛋白"
群馬県,1004,高崎・安中,心血管,49.59802200794695,4,"LDL, 中性脂肪, 収縮期血圧, 心電図"
群馬県,1004,高崎・安中,糖尿病,53.724322366405275,2,"HbA1c, 空腹時血糖"
群馬県,1005,藤岡,CKD,55.691003375106945,2,"eGFR, 尿蛋白"
群馬県,1005,藤岡,心血管,48.36450804456633,4,"LDL, 中性脂肪, 収縮期血圧, 心電図"
群馬県,1005,藤岡,糖尿病,51.18423395494994,2,"HbA1c, 空腹時血糖"
群馬県,1006,富岡,CKD,54.78124871112825,2,"eGFR, 尿蛋白"
群馬県,1006,富岡,心血管,40.396353607103876,4,"LDL, 中性脂肪, 収縮期血圧, 心電図"
群馬県,1006,富岡,糖尿病,49.02092670726946,2,"HbA1c, 空腹時血糖"
群馬県,1007,吾妻,CKD,54.51126138299268,2,"eGFR, 尿蛋白"
群馬県,1007,吾妻,心血管,52.98713229879394,4,"LDL, 中性脂肪, 収縮期血圧, 心電図"
群馬県,1007,吾妻,糖尿病,49.40276175427637,2,"HbA1c, 空腹時血糖"
群馬県,1008,沼田,CKD,72.93589277787555,2,"eGFR, 尿蛋白"
群馬県,1008,沼田,心血管,47.77427720815918,4,"LDL, 中性脂肪, 収縮期血圧, 心電図"
群馬県,1008,沼田,糖尿病,52.701910597836246,2,"HbA1c, 空腹時血糖"
群馬県,1009,桐生,CKD,58.166780941440535,2,"eGFR, 尿蛋白"
群馬県,1009,桐生,心血管,51.71268966139851,4,"LDL, 中性脂肪, 収縮期血圧, 心電図"
群馬県,1009,桐生,糖尿病,52.82908056313408,2,"HbA1c, 空腹時血糖"
群馬県,1010,太田・館林,CKD,47.32308819534538,2,"eGFR, 尿蛋白"
群馬県,1010,太田・館林,心血管,53.5626032574567,4,"LDL, 中性脂肪, 収縮期血圧, 心電図"
群馬県,1010,太田・館林,糖尿病,49.94987964527386,2,"HbA1c, 空腹時血糖"
茨城県,801,水戸,CKD,44.308823807253866,2,"eGFR, 尿蛋白"
茨城県,801,水戸,心血管,50.79422630650543,4,"LDL, 中性脂肪, 収縮期血圧, 心電図"
茨城県,801,水戸,糖尿病,51.23703319076533,2,"HbA1c, 空腹時血糖"
茨城県,802,日立,CKD,53.302518430244334,2,"eGFR, 尿蛋白"
茨城県,802,日立,心血管,64.00676193222964,4,"LDL, 中性脂肪, 収縮期血圧, 心電図"
茨城県,802,日立,糖尿病,67.59796510700433,2,"HbA1c, 空腹時血糖"
茨城県,803,常陸太田・ひたちなか,CKD,46.14118210238158,2,"eGFR, 尿蛋白"
茨城県,803,常陸太田・ひたちなか,心血管,50.74290607657789,4,"LDL, 中性脂肪, 収縮期血圧, 心電図"
茨城県,803,常陸太田・ひたちなか,糖尿病,53.75092957644361,2,"HbA1c, 空腹時血糖"
茨城県,804,鹿行,CKD,44.70798560202556,2,"eGFR, 尿蛋白"
茨城県,804,鹿行,心血管,55.11659358289002,4,"LDL, 中性脂肪, 収縮期血圧, 心電図"
茨城県,804,鹿行,糖尿病,59.739377779818085,2,"HbA1c, 空腹時血糖"
茨城県,805,土浦,CKD,47.096521599837764,2,"eGFR, 尿蛋白"
茨城県,805,土浦,心血管,51.631108643393084,4,"LDL, 中性脂肪, 収縮期血圧, 心電図"
茨城県,805,土浦,糖尿病,56.45449854876054,2,"HbA1c, 空腹時血糖"
茨城県,806,つくば,CKD,42.87908840957543,2,"eGFR, 尿蛋白"
茨城県,806,つくば,心血管,49.15232767945092,4,"LDL, 中性脂肪, 収縮期血圧, 心電図"
茨城県,806,つくば,糖尿病,44.9609053732251,2,"HbA1c, 空腹時血糖"
茨城県,807,取手・竜ヶ崎,CKD,45.419593955091955,2,"eGFR, 尿蛋白"
茨城県,807,取手・竜ヶ崎,心血管,51.32794697063632,4,"LDL, 中性脂肪, 収縮期血圧, 心電図"
茨城県,807,取手・竜ヶ崎,糖尿病,54.48536737313805,2,"HbA1c, 空腹時血糖"
茨城県,808,筑西・下妻,CKD,42.97156508134054,2,"eGFR, 尿蛋白"
茨城県,808,筑西・下妻,心血管,49.90473326110303,4,"LDL, 中性脂肪, 収縮期血圧, 心電図"
茨城県,808,筑西・下妻,糖尿病,59.664437085754344,2,"HbA1c, 空腹時血糖"
茨城県,809,古河・坂東,CKD,43.41339669177103,2,"eGFR, 尿蛋白"
茨城県,809,古河・坂東,心血管,52.50343756421431,4,"LDL, 中性脂肪, 収縮期血圧, 心電図"
茨城県,809,古河・坂東,糖尿病,59.885978446409446,2,"HbA1c, 空腹時血糖"
長崎県,4201,長崎,CKD,53.94282645724696,2,"eGFR, 尿蛋白"
長崎県,4201,長崎,心血管,47.429276182378956,4,"LDL, 中性脂肪, 収縮期血圧, 心電図"
長崎県,4201,長崎,糖尿病,46.291138677067295,2,"HbA1c, 空腹時血糖"
長崎県,4202,佐世保県北,CKD,54.283477432981314,2,"eGFR, 尿蛋白"
長崎県,4202,佐世保県北,心血管,46.70809460234689,4,"LDL, 中性脂肪, 収縮期血圧, 心電図"
長崎県,4202,佐世保県北,糖尿病,50.85865524140649,2,"HbA1c, 空腹時血糖"
長崎県,4203,県央,CKD,50.03073123587598,2,"eGFR, 尿蛋白"
長崎県,4203,県央,心血管,47.60597309705683,4,"LDL, 中性脂肪, 収縮期血圧, 心電図"
長崎県,4203,県央,糖尿病,46.2775674402231,2,"HbA1c, 空腹時血糖"
長崎県,4204,県南,CKD,47.33341925828756,2,"eGFR, 尿蛋白"
長崎県,4204,県南,心血管,42.96494755523824,4,"LDL, 中性脂肪, 収縮期血圧, 心電図"
長崎県,4204,県南,糖尿病,45.98978916393335,2,"HbA1c, 空腹時血糖"
長崎県,4206,五島,CKD,40.85873419006563,2,"eGFR, 尿蛋白"
長崎県,4206,五島,心血管,51.82697149865932,4,"LDL, 中性脂肪, 収縮期血圧, 心電図"
長崎県,4206,五島,糖尿病,48.323890381097996,2,"HbA1c, 空腹時血糖"
長崎県,4207,上五島,CKD,35.74950285624172,2,"eGFR, 尿蛋白"
長崎県,4207,上五島,心血管,49.71405202282942,4,"LDL, 中性脂肪, 収縮期血圧, 心電図"
長崎県,4207,上五島,糖尿病,62.52091926517899,2,"HbA1c, 空腹時血糖"
長崎県,4208,壱岐,CKD,40.06749074272834,2,"eGFR, 尿蛋白"
長崎県,4208,壱岐,心血管,61.741948992569476,4,"LDL, 中性脂肪, 収縮期血圧, 心電図"
長崎県,4208,壱岐,糖尿病,61.46177697441901,2,"HbA1c, 空腹時血糖"
長崎県,4209,対馬,CKD,36.29156139715076,2,"eGFR, 尿蛋白"
長崎県,4209,対馬,心血管,52.75663244734582,4,"LDL, 中性脂肪, 収縮期血圧, 心電図"
長崎県,4209,対馬,糖尿病,58.060876351618816,2,"HbA1c, 空腹時血糖"
長野県,2001,佐久,CKD,51.21030199713648,2,"eGFR, 尿蛋白"
長野県,2001,佐久,心血管,47.746499675491066,4,"LDL, 中性脂肪, 収縮期血圧, 心電図"
長野県,2001,佐久,糖尿病,46.89725267002143,2,"HbA1c, 空腹時血糖"
長野県,2002,上小,CKD,49.806931791991374,2,"eGFR, 尿蛋白"
長野県,2002,上小,心血管,51.60641056507153,4,"LDL, 中性脂肪, 収縮期血圧, 心電図"
長野県,2002,上小,糖尿病,39.67311531329017,2,"HbA1c, 空腹時血糖"
長野県,2003,諏訪,CKD,51.73114673772865,2,"eGFR, 尿蛋白"
長野県,2003,諏訪,心血管,45.62298624329114,4,"LDL, 中性脂肪, 収縮期血圧, 心電図"
長野県,2003,諏訪,糖尿病,36.05786404619765,2,"HbA1c, 空腹時血糖"
長野県,2004,上伊那,CKD,54.676977491534444,2,"eGFR, 尿蛋白"
長野県,2004,上伊那,心血管,39.50267482357649,4,"LDL, 中性脂肪, 収縮期血圧, 心電図"
長野県,2004,上伊那,糖尿病,30.675703605947692,2,"HbA1c, 空腹時血糖"
長野県,2005,飯伊,CKD,53.15599919553149,2,"eGFR, 尿蛋白"
長野県,2005,飯伊,心血管,50.2010815654415,4,"LDL, 中性脂肪, 収縮期血圧, 心電図"
長野県,2005,飯伊,糖尿病,34.25935930238424,2,"HbA1c, 空腹時血糖"
長野県,2006,木曽,CKD,47.7547210122311,2,"eGFR, 尿蛋白"
長野県,2006,木曽,心血管,49.2324442775467,4,"LDL, 中性脂肪, 収縮期血圧, 心電図"
長野県,2006,木曽,糖尿病,46.06343247600931,2,"HbA1c, 空腹時血糖"
長野県,2007,松本,CKD,49.005423448558126,2,"eGFR, 尿蛋白"
長野県,2007,松本,心血管,48.39516381951764,4,"LDL, 中性脂肪, 収縮期血圧, 心電図"
長野県,2007,松本,糖尿病,34.18670768353738,2,"HbA1c, 空腹時血糖"
長野県,2008,大北,CKD,42.64206063886216,2,"eGFR, 尿蛋白"
長野県,2008,大北,心血管,46.71518330394221,4,"LDL, 中性脂肪, 収縮期血圧, 心電図"
長野県,2008,大北,糖尿病,45.121568340276795,2,"HbA1c, 空腹時血糖"
長野県,2009,長野,CKD,53.126727371272615,2,"eGFR, 尿蛋白"
長野県,2009,長野,心血管,44.59627752450466,4,"LDL, 中性脂肪, 収縮期血圧, 心電図"
長野県,2009,長野,糖尿病,38.4042043827238,2,"HbA1c, 空腹時血糖"
長野県,2010,北信,CKD,54.384879907194104,2,"eGFR, 尿蛋白"
長野県,2010,北信,心血管,41.25976281266418,4,"LDL, 中性脂肪, 収縮期血圧, 心電図"
長野県,2010,北信,糖尿病,42.30520841603854,2,"HbA1c, 空腹時血糖"
青森県,201,津軽地域,CKD,53.76256034102606,2,"eGFR, 尿蛋白"
青森県,201,津軽地域,心血管,50.752315191708135,4,"LDL, 中性脂肪, 収縮期血圧, 心電図"
青森県,201,津軽地域,糖尿病,55.26614913001386,2,"HbA1c, 空腹時血糖"
青森県,202,八戸地域,CKD,57.57338546926405,2,"eGFR, 尿蛋白"
青森県,202,八戸地域,心血管,56.08084893164139,4,"LDL, 中性脂肪, 収縮期血圧, 心電図"
青森県,202,八戸地域,糖尿病,76.19687247667238,2,"HbA1c, 空腹時血糖"
青森県,203,青森地域,CKD,52.2071953728732,2,"eGFR, 尿蛋白"
青森県,203,青森地域,心血管,45.15903816160415,4,"LDL, 中性脂肪, 収縮期血圧, 心電図"
青森県,203,青森地域,糖尿病,53.78417551505105,2,"HbA1c, 空腹時血糖"
青森県,204,西北五地域,CKD,51.66208167677961,2,"eGFR, 尿蛋白"
青森県,204,西北五地域,心血管,52.049246888470236,4,"LDL, 中性脂肪, 収縮期血圧, 心電図"
青森県,204,西北五地域,糖尿病,51.826078286861446,2,"HbA1c, 空腹時血糖"
青森県,205,上十三地域,CKD,55.82173500209304,2,"eGFR, 尿蛋白"
青森県,205,上十三地域,心血管,53.437328445238286,4,"LDL, 中性脂肪, 収縮期血圧, 心電図"
青森県,205,上十三地域,糖尿病,62.95221915615535,2,"HbA1c, 空腹時血糖"
青森県,206,下北地域,CKD,50.387318159031835,2,"eGFR, 尿蛋白"
青森県,206,下北地域,心血管,49.94189068652574,4,"LDL, 中性脂肪, 収縮期血圧, 心電図"
青森県,206,下北地域,糖尿病,57.79013765323573,2,"HbA1c, 空腹時血糖"
静岡県,2201,賀茂,CKD,44.73618785462469,2,"eGFR, 尿蛋白"
静岡県,2201,賀茂,心血管,59.09267764480081,4,"LDL, 中性脂肪, 収縮期血圧, 心電図"
静岡県,2201,賀茂,糖尿病,57.99698385128889,2,"HbA1c, 空腹時血糖"
静岡県,2202,熱海伊東,CKD,63.02662404303807,2,"eGFR, 尿蛋白"
静岡県,2202,熱海伊東,心血管,53.59562561020611,4,"LDL, 中性脂肪, 収縮期血圧, 心電図"
静岡県,2202,熱海伊東,糖尿病,54.43176868805756,2,"HbA1c, 空腹時血糖"
静岡県,2203,駿東田方,CKD,53.66508510758896,2,"eGFR, 尿蛋白"
静岡県,2203,駿東田方,心血管,50.34823578630389,4,"LDL, 中性脂肪, 収縮期血圧, 心電図"
静岡県,2203,駿東田方,糖尿病,46.57010816407742,2,"HbA1c, 空腹時血糖"
静岡県,2204,富士,CKD,54.34843571145431,2,"eGFR, 尿蛋白"
静岡県,2204,富士,心血管,49.83508459300965,4,"LDL, 中性脂肪, 収縮期血圧, 心電図"
静岡県,2204,富士,糖尿病,42.655704559628035,2,"HbA1c, 空腹時血糖"
静岡県,2205,静岡,CKD,51.12155713898503,2,"eGFR, 尿蛋白"
静岡県,2205,静岡,心血管,41.06805228435921,4,"LDL, 中性脂肪, 収縮期血圧, 心電図"
静岡県,2205,静岡,糖尿病,43.516140840426566,2,"HbA1c, 空腹時血糖"
静岡県,2206,志太榛原,CKD,44.59625697255204,2,"eGFR, 尿蛋白"
静岡県,2206,志太榛原,心血管,41.9986631606452,4,"LDL, 中性脂肪, 収縮期血圧, 心電図"
静岡県,2206,志太榛原,糖尿病,43.62861139790852,2,"HbA1c, 空腹時血糖"
静岡県,2207,中東遠,CKD,43.61141729481292,2,"eGFR, 尿蛋白"
静岡県,2207,中東遠,心血管,47.09867969179705,4,"LDL, 中性脂肪, 収縮期血圧, 心電図"
静岡県,2207,中東遠,糖尿病,47.73412793888585,2,"HbA1c, 空腹時血糖"
静岡県,2208,西部,CKD,45.22909407255216,2,"eGFR, 尿蛋白"
静岡県,2208,西部,心血管,47.95235154573412,4,"LDL, 中性脂肪, 収縮期血圧, 心電図"
静岡県,2208,西部,糖尿病,46.83623082121811,2,"HbA1c, 空腹時血糖"
香川県,3702,小豆,CKD,45.10752159868382,2,"eGFR, 尿蛋白"
香川県,3702,小豆,心血管,54.58820963810481,4,"LDL, 中性脂肪, 収縮期血圧, 心電図"
香川県,3702,小豆,糖尿病,39.422007700536646,2,"HbA1c, 空腹時血糖"
香川県,3706,東部,CKD,50.17442297027734,2,"eGFR, 尿蛋白"
香川県,3706,東部,心血管,50.034938662282656,4,"LDL, 中性脂肪, 収縮期血圧, 心電図"
香川県,3706,東部,糖尿病,43.86620743870682,2,"HbA1c, 空腹時血糖"
香川県,3707,西部,CKD,49.637020227378756,2,"eGFR, 尿蛋白"
香川県,3707,西部,心血管,54.18726877398955,4,"LDL, 中性脂肪, 収縮期血圧, 心電図"
香川県,3707,西部,糖尿病,46.451312770800705,2,"HbA1c, 空腹時血糖"
高知県,3901,安芸,CKD,57.66277103101048,2,"eGFR, 尿蛋白"
高知県,3901,安芸,心血管,68.47347041676832,4,"LDL, 中性脂肪, 収縮期血圧, 心電図"
高知県,3901,安芸,糖尿病,70.53143279139178,2,"HbA1c, 空腹時血糖"
高知県,3902,中央,CKD,57.21370021184435,2,"eGFR, 尿蛋白"
高知県,3902,中央,心血管,46.97728866507077,4,"LDL, 中性脂肪, 収縮期血圧, 心電図"
高知県,3902,中央,糖尿病,52.23879231131951,2,"HbA1c, 空腹時血糖"
高知県,3903,高幡,CKD,53.51358240617485,2,"eGFR, 尿蛋白"
高知県,3903,高幡,心血管,48.95625226663738,4,"LDL, 中性脂肪, 収縮期血圧, 心電図"
高知県,3903,高幡,糖尿病,54.31420205330663,2,"HbA1c, 空腹時血糖"
高知県,3904,幡多,CKD,61.938490060379166,2,"eGFR, 尿蛋白"
高知県,3904,幡多,心血管,53.95817540986613,4,"LDL, 中性脂肪, 収縮期血圧, 心電図"
高知県,3904,幡多,糖尿病,59.9516538125239,2,"HbA1c, 空腹時血糖"
鳥取県,3101,東部,CKD,45.67421648712626,2,"eGFR, 尿蛋白"
鳥取県,3101,東部,心血管,48.73559434826069,4,"LDL, 中性脂肪, 収縮期血圧, 心電図"
鳥取県,3101,東部,糖尿病,41.79311893814763,2,"HbA1c, 空腹時血糖"
鳥取県,3102,中部,CKD,27.891984348629354,2,"eGFR, 尿蛋白"
鳥取県,3102,中部,心血管,53.91938705063821,4,"LDL, 中性脂肪, 収縮期血圧, 心電図"
鳥取県,3102,中部,糖尿病,42.05389686197033,2,"HbA1c, 空腹時血糖"
鳥取県,3103,西部,CKD,29.91558230079583,2,"eGFR, 尿蛋白"
鳥取県,3103,西部,心血管,50.98516133729737,4,"LDL, 中性脂肪, 収縮期血圧, 心電図"
鳥取県,3103,西部,糖尿病,43.32079593914444,2,"HbA1c, 空腹時血糖"
鹿児島県,4601,鹿児島,CKD,55.10411161374711,2,"eGFR, 尿蛋白"
鹿児島県,4601,鹿児島,心血管,46.50914106067444,4,"LDL, 中性脂肪, 収縮期血圧, 心電図"
鹿児島県,4601,鹿児島,糖尿病,55.86787062379907,2,"HbA1c, 空腹時血糖"
鹿児島県,4603,南薩,CKD,59.26113305589362,2,"eGFR, 尿蛋白"
鹿児島県,4603,南薩,心血管,46.90974147490277,4,"LDL, 中性脂肪, 収縮期血圧, 心電図"
鹿児島県,4603,南薩,糖尿病,63.03523816698769,2,"HbA1c, 空腹時血糖"
鹿児島県,4605,川薩,CKD,55.02008354453511,2,"eGFR, 尿蛋白"
鹿児島県,4605,川薩,心血管,46.08340431613145,4,"LDL, 中性脂肪, 収縮期血圧, 心電図"
鹿児島県,4605,川薩,糖尿病,58.00738275419107,2,"HbA1c, 空腹時血糖"
鹿児島県,4606,出水,CKD,55.610547218491845,2,"eGFR, 尿蛋白"
鹿児島県,4606,出水,心血管,45.857460944089276,4,"LDL, 中性脂肪, 収縮期血圧, 心電図"
鹿児島県,4606,出水,糖尿病,67.79858148105072,2,"HbA1c, 空腹時血糖"
鹿児島県,4607,姶良・伊佐,CKD,52.54072212707892,2,"eGFR, 尿蛋白"
鹿児島県,4607,姶良・伊佐,心血管,49.019158725237304,4,"LDL, 中性脂肪, 収縮期血圧, 心電図"
鹿児島県,4607,姶良・伊佐,糖尿病,58.111684792957064,2,"HbA1c, 空腹時血糖"
鹿児島県,4609,曽於,CKD,61.75378605254019,2,"eGFR, 尿蛋白"
鹿児島県,4609,曽於,心血管,48.062531706196516,4,"LDL, 中性脂肪, 収縮期血圧, 心電図"
鹿児島県,4609,曽於,糖尿病,77.2384356925075,2,"HbA1c, 空腹時血糖"
鹿児島県,4610,肝属,CKD,51.09470789255745,2,"eGFR, 尿蛋白"
鹿児島県,4610,肝属,心血管,47.24585622713537,4,"LDL, 中性脂肪, 収縮期血圧, 心電図"
鹿児島県,4610,肝属,糖尿病,66.77477066158238,2,"HbA1c, 空腹時血糖"
鹿児島県,4611,熊毛,CKD,58.253007733323855,2,"eGFR, 尿蛋白"
鹿児島県,4611,熊毛,心血管,58.13148671839386,4,"LDL, 中性脂肪, 収縮期血圧, 心電図"
鹿児島県,4611,熊毛,糖尿病,59.11710136918268,2,"HbA1c, 空腹時血糖"
鹿児島県,4612,奄美,CKD,72.70825393635025,2,"eGFR, 尿蛋白"
鹿児島県,4612,奄美,心血管,53.98718501280833,4,"LDL, 中性脂肪, 収縮期血圧, 心電図"
鹿児島県,4612,奄美,糖尿病,59.605690047559435,2,"HbA1c, 空腹時血糖"
